,,,,FORMATO DE REQUISICION,,,,,
,,,,,,,,,
,,,,,,,,,
FOLIO:,,,,,,FECHA:,,,
,,,,,,14-sep-16,,,
DESTINO:,,,,,,ELABORADO POR:,,,
,,,,,,SARA NAIOMI HERNANDEZ MONTFORT,,,
,,,,,,,,,
STOCK ID,CANTIDAD,PRECIO,IMPUESTO,FECHA,DESCRIPCION AGRUPADOR,ID AGRUPADOR,UNIDAD EMPAQUE, PRECIO UNIDAD EMPAQUE ,TOTAL
657,1250,0,0,14/09/2016,OMEPRAZOL 20MG C/14 CAP.,,,0,0
2919,893,0,0,14/09/2016,INSULINA GLARGINA JER. DESECHABLE PRECARGADA (300 UI/ml) C/3ML,,,0,0
1479,763,0,0,14/09/2016,PANTOPRAZOL 40MG C/14 GRAGEAS,,,0,0
836,655,0,0,14/09/2016,TRAMADOL + PARACETAMOL 37.5/325MG C/20 TAB.,,,0,0
2762,500,0,0,14/09/2016,ATORVASTATINA 10MG C/20 TAB.,,,0,0
296,650,0,0,14/09/2016,DIOSMINA + HESPERIDINA 500MG C/20 TAB.,,,0,0
2761,350,0,0,14/09/2016,ATORVASTATINA 20MG C/10 TAB.,,,0,0
2769,500,0,0,14/09/2016,ACIDO ACETILSALICILICO 100MG C/30 TAB.,,,0,0
810,500,0,0,14/09/2016,PARACETAMOL 1GR C/20 TAB.,,,0,0
2552,350,0,0,14/09/2016,AGUA DE MAR HIPERTONICA ESTERIL 125ML DOSIFICADOR INTERCAMBIABLE AD. Y NI 3/4 O FCO. C/90 DISP. Y 1,,,0,0
2678,475,0,0,14/09/2016,IBUPROFENO 400MG C/10 TAB.,,,0,0
371,446,0,0,14/09/2016,DICLOFENACO 1.160% GEL C/60GR,,,0,0
2692,400,0,0,14/09/2016,KETOROLACO TROMETAMINA 10MG C/10 TAB.,,,0,0
914,300,0,0,14/09/2016,PIOGLITAZONA 30MG C/7 TAB.,,,0,0
712,400,0,0,14/09/2016,PARACETAMOL 500MG C/10 TAB.,,,0,0
910,368,0,0,14/09/2016,EZETIMIBA + SIMVASTATINA 10MG/20MG C/28 COMP.,,,0,0
2593,355,0,0,14/09/2016,AMLODIPINO 5MG C/10 TAB.,,,0,0
2786,250,0,0,14/09/2016,CARBONATO DE CALCIO + VITAMINA D3 600MG C/60 TAB.,,,0,0
1924,338,0,0,14/09/2016,VALSARTAN + AMLODIPINO 160/5MG C/28 TAB.,,,0,0
512,325,0,0,14/09/2016,PREGABALINA 75MG C/28 CAP.,,,0,0
1304,354,0,0,14/09/2016,BROMURO PINAVERIO/DIMETICONA 100/300MG C/16 CAP.,,,0,0
1341,324,0,0,14/09/2016,DIACERINA + MELOXICAM 50MG/15MG C/20 CAP.,,,0,0
2576,320,0,0,14/09/2016,"SULFATO DE GLUCOSAMINA + SULFATO DE CONDROITIN 1,500MGS/1,200MGS C/15 SOBRES",,,0,0
1368,302,0,0,14/09/2016,SITAGLIPTINA + METFORMINA 50/850MG C/56 COMP.,,,0,0
789,300,0,0,14/09/2016,SENOSIDOS A-B 374MG C/30 TAB.,,,0,0
2608,300,0,0,14/09/2016,IBUPROFENO + PARACETAMOL 325MG C/20 TAB.,,,0,0
2953,285,0,0,14/09/2016,DEXLANSOPRAZOL 30MG C/14 CAP.,,,0,0
1897,302,0,0,14/09/2016,METFORMINA 850MG C/30 TAB.,,,0,0
754,291,0,0,14/09/2016,CARBOXIMETILCELULOSA SODICA 0.5% SOL. OFT. GOTAS C/15ML,,,0,0
965,304,0,0,14/09/2016,ETORICOXIB 90MG C/14 COMP.,,,0,0
376,300,0,0,14/09/2016,LORATADINA + AMBROXOL 5MG/30MG/5ML JBE. C/120ML,,,0,0
2796,250,0,0,14/09/2016,KETOROLACO + TRAMADOL 10MG/25MG C/10 CAP.,,,0,0
2647,250,0,0,14/09/2016,NAPROXENO SODICO + PARACETAMOL 275MG/300MG C/10 TAB.,,,0,0
1452,250,0,0,14/09/2016,AMOXICILINA + ACIDO CLAVULANICO 875MG/125MG C/10 TAB.,,,0,0
169,250,0,0,14/09/2016,CEFALEXINA 500MG C/20 CAP.,,,0,0
502,255,0,0,14/09/2016,LEVOTIROXINA SODICA 100MCG C/50 TAB.,,,0,0
2582,237,0,0,14/09/2016,PARACETAMOL 750MG C/10 TAB.,,,0,0
2623,250,0,0,14/09/2016,MELOXICAM 7.5MG C/14 TAB.,,,0,0
2885,210,0,0,14/09/2016,CIPROFLOXACINO 500MG C/12 COMP.,,,0,0
1126,150,0,0,14/09/2016,ESPORAS DE BACILLUS CLAUSII 2 BILLONES UFC C/20 AMP.,,,0,0
2763,200,0,0,14/09/2016,ATORVASTATINA 40MG C/10 TAB.,,,0,0
1440,200,0,0,14/09/2016,LORATADINA + BETAMETASONA 5.0MG/0.25MG C/10 TAB.,,,0,0
310,205,0,0,14/09/2016,METFORMINA 500MG C/30 TAB.,,,0,0
1003,200,0,0,14/09/2016,AMOXICILINA + ACIDO CLAVULANICO 600MG SUSP. C/50ML,,,0,0
55,200,0,0,14/09/2016,IBUPROFENO 2GR/100ML SUSP. 120ML,,,0,0
456,192,0,0,14/09/2016,SITAGLIPTINA 100MG C/14 COMP.,,,0,0
1190,194,0,0,14/09/2016,FENOFIBRATO 160MG C/30 CAP.,,,0,0
1497,190,0,0,14/09/2016,SERTRALINA 50MG C/14 TAB. RANURADAS,,,0,0
373,185,0,0,14/09/2016,FLUCONAZOL 150MG C/1 CAP.,,,0,0
2924,189,0,0,14/09/2016,VILDAGLIPTINA + METFORMINA 50MG/850MG C/60 COMP.,,,0,0
2801,194,0,0,14/09/2016,MELOXICAN + METOCARBAMOL 15MG/215MG C/10 CAP.,,,0,0
2797,200,0,0,14/09/2016,TIAMINA + PIRIDOXINA + CIANOCOBALAMINA 100MG/5MG/50MCG C/30 TAB.,,,0,0
1678,180,0,0,14/09/2016,VITAMINAS + MINERALES PRENATALES C/30 TAB.,,,0,0
1858,185,0,0,14/09/2016,BEZAFIBRATO 400MG C/10 TAB.,,,0,0
292,200,0,0,14/09/2016,DICLOFENACO SODICO 100MG LIB. PROL. C/20 GRAGEAS,,,0,0
377,179,0,0,14/09/2016,DICLOFENACO SODICO + B1 + B6 +B12 50MG/50MG/50MG/0.25MG C/30 GRAGEAS,,,0,0
2591,175,0,0,14/09/2016,MAGALDRATO + DIMETICONA 8GR/1GR C/250ML,,,0,0
496,125,0,0,14/09/2016,LORATADINA 10MG C/20 GRAGEAS,,,0,0
2711,180,0,0,14/09/2016,METFORMINA 750MG LIB. PROL. C/30 TAB.,,,0,0
52,75,0,0,14/09/2016,ACIDO FOLICO 5MG C/50 TAB.,,,0,0
327,160,0,0,14/09/2016,DIMETICONA + PANCREATINA + EXTRACTO SECO BILIS DE BUEY CELULOSA DEL ASPERGILLUS NIGER CON CAPA E C/50 GRAGEAS,,,0,0
54,175,0,0,14/09/2016,ALOPURINOL 300MG C/20 TAB.,,,0,0
2602,176,0,0,14/09/2016,LOSARTAN 50MG C/30 TAB.,,,0,0
226,165,0,0,14/09/2016,DIACEREINA 50MG C/30 CAP.,,,0,0
233,179,0,0,14/09/2016,VALSARTAN + HIDROCLORTIAZIDA 160MG/25MG C/30 GRAGEAS,,,0,0
867,164,0,0,14/09/2016,EXTRACTO DE CASTA 3/4 A DE LA INDIA C/30 GRAGEAS,,,0,0
675,150,0,0,14/09/2016,SULFATO DE HIDROXICLOROQUINA 200MG C/20 TAB.,,,0,0
735,150,0,0,14/09/2016,MOMETASONA 0.05% SPRAY NASAL PED. C/10ML Y 60 NEBUL.,,,0,0
1550,163,0,0,14/09/2016,ACEITE DE ALMENDRAS-UREA-VIT.B5 TUBO CREMA C/125GR,,,0,0
1767,161,0,0,14/09/2016,VALSARTAN 160MG C/30 GRAGEAS,,,0,0
924,175,0,0,14/09/2016,CIPROFLOXACINO 250MG C/12 TAB,,,0,0
1361,155,0,0,14/09/2016,CITRATO DE CALCIO + VITAMINA D3 315MG C/60 TAB.,,,0,0
2876,157,0,0,14/09/2016,LORATADINA + BETAMETASONA 10MG/5MG SOL. C/60ML,,,0,0
937,163,0,0,14/09/2016,LEVOTIROXINA SODICA 50MCG C/50 TAB.,,,0,0
938,170,0,0,14/09/2016,LEVOTIROXINA SODICA 75MCG C/50 TAB.,,,0,0
45,150,0,0,14/09/2016,DESLORATADINA 5MG C/30 TAB.,,,0,0
201,154,0,0,14/09/2016,METACARBAMOL + PARACETAMOL 400/350MG C/30 TAB.,,,0,0
2807,150,0,0,14/09/2016,DICLOFENACO POTASICO 0.18MG/100 SUSP. FCO C/120ML,,,0,0
2679,150,0,0,14/09/2016,ENALAPRIL 10MG C/30 TAB.,,,0,0
1877,147,0,0,14/09/2016,CLORHIDRATO DE PAROXETINA 20MG C/10 TAB.,,,0,0
2802,175,0,0,14/09/2016,IBUPROFENO 200MG C/10 TAB.,,,0,0
2788,145,0,0,14/09/2016,CINITAPRIDA 1MG C/25 COMP.,,,0,0
294,141,0,0,14/09/2016,BROMURO DE PINAVERIO 100MG C/14 TAB.,,,0,0
2557,138,0,0,14/09/2016,NUTRICION COMPLETA Y BALANCEADA CON FRUCTOOLISACARIDOS CUALQUIER SABOR LATA EN POLVO C/400GR,,,0,0
131,136,0,0,14/09/2016,BROMURO DE BUTILHIOSCINA 10MG C/10 TAB.,,,0,0
2811,100,0,0,14/09/2016,DEFLAZACORT 6MG C/20 TAB.,,,0,0
674,135,0,0,14/09/2016,PSYLLIUM PLANTAGO C/400GR,,,0,0
2587,150,0,0,14/09/2016,BROMURO DE BUTILHIOSCINA + METAMIZOL 10MG/250MG C/10 GRAGEAS,,,0,0
2618,134,0,0,14/09/2016,LORATADINA + FENILEFRINA SOL. INF. C/60ML,,,0,0
2952,176,0,0,14/09/2016,DAPAGLIFOZINA 10MG C/14 TAB.,,,0,0
1854,75,0,0,14/09/2016,AZITROMICINA 500MG C/3 TAB.,,,0,0
561,129,0,0,14/09/2016,TELMISARTAN + HIDROCLOROTIAZIDA 80MG/12.5MG C/28 TAB.,,,0,0
2660,127,0,0,14/09/2016,INDOMETACINA + METOCARBAMOL + BETAMETASONA 25/215/75MG C/20 TAB.,,,0,0
1431,124,0,0,14/09/2016,KETOROLACO 30MG SUBLINGUAL C/4 TAB.,,,0,0
98,123,0,0,14/09/2016,AMOXICILINA 500MG C/12 CAP.,,,0,0
2603,122,0,0,14/09/2016,TAMSULOSINA 0.4MG C/20 CAP.,,,0,0
497,130,0,0,14/09/2016,ESCITALOPRAM 10MG C/28 TAB.,,,0,0
886,118,0,0,14/09/2016,POLIVITAMINAS CON MINERALES C/30 CAP.,,,0,0
899,116,0,0,14/09/2016,ETINILESTRADIOL + DROSPIRENONA 0.03MG/3.0MG C/21 GRAGEAS,,,0,0
941,125,0,0,14/09/2016,ETORICOXIB 120MG C/7 COMP.,,,0,0
2845,114,0,0,14/09/2016,LORATADINA + FENILEFRINA 5/30MG C/10 GRAGEAS,,,0,0
1968,112,0,0,14/09/2016,METFORMINA + VILDAGLIPTINA 50MG/500MG C/30 COMP. RECUBIERTOS,,,0,0
534,109,0,0,14/09/2016,MICONAZOL 2% TUBO CREMA C/20GR,,,0,0
2611,108,0,0,14/09/2016,DICLOFENACO POTASICO 15MG SUSP. GOTAS C/20ML,,,0,0
2691,125,0,0,14/09/2016,PARACETAMOL JARABE FCO. C/120ML,,,0,0
472,100,0,0,14/09/2016,KETOCONAZOL TUBO CREMA C/30GR,,,0,0
1868,108,0,0,14/09/2016,GLIMEPERIDINA + METFORMINA 1000MG/4MG C/16 TAB.,,,0,0
2926,119,0,0,14/09/2016,SAXAGLIPITINA + METFORMINA 2.5MG/1000MG C/28 TAB.,,,0,0
694,100,0,0,14/09/2016,PARGEVERINA + CLONIXINATO DE LISINA 10MG/125MG C/20  COMP.,,,0,0
2809,105,0,0,14/09/2016,TIAMINA+PIRIDOXINA + DEXAMETASONA + CIANOCOBALAMINA + LIDOCAINA NO1 - 3 Y NO - 3 C/JGA AMP.,,,0,0
2620,105,0,0,14/09/2016,LOSARTAN + HIDROCLOROTIAZIDA 50MG/12.5MG C/30 COMP.,,,0,0
343,125,0,0,14/09/2016,LEVOTIROXINA SODICA 25MCG C/50 TAB.,,,0,0
1420,102,0,0,14/09/2016,GLIMEPIRIDA 4MG C/30 TAB.,,,0,0
187,102,0,0,14/09/2016,IPRATROPIO + SALBUTAMOL MONODOSIS 0.5MG/2.5MG NEBUL. C/10 AMP.,,,0,0
1774,100,0,0,14/09/2016,LAMOTRIGINA 50MG /28 TAB.,,,0,0
1885,105,0,0,14/09/2016,LORATADINA 5MG/5ML SOL. C/60ML,,,0,0
2568,100,0,0,14/09/2016,BETAMETASONA + CLOTRIMAZOL + GENTAMICINA TUBO CREMA C/25GR,,,0,0
256,105,0,0,14/09/2016,POLIETILENGLICOL FCO. POLVO C/255GR,,,0,0
2630,75,0,0,14/09/2016,RANITIDINA 150MG C/20 TAB.,,,0,0
469,96,0,0,14/09/2016,LEVETIRACETAM 500MG C/30 TAB.,,,0,0
2570,95,0,0,14/09/2016,FLUOXETINA 20MG C/14 CAP.,,,0,0
463,95,0,0,14/09/2016,KETOPROFENO 100MG C/15 CAP.,,,0,0
1754,100,0,0,14/09/2016,VITAMINAS PRENATALES C/28 CAP.,,,0,0
57,93,0,0,14/09/2016,CLORHIDRATO DE BENCIDAMINA TUBO CREMA C/60GR,,,0,0
1450,50,0,0,14/09/2016,AMBROXOL 30MG C/20 COMP.,,,0,0
1490,110,0,0,14/09/2016,PREDNISONA 5MG C/20 TAB.,,,0,0
208,93,0,0,14/09/2016,BETAMETASONA + FOSFATO SODICO 2.71/3MG C/1 JER. PRELLENADA,,,0,0
778,60,0,0,14/09/2016,MONTELUKAST SODICO 10MG C/20 COMP.,,,0,0
510,60,0,0,14/09/2016,LACTOBACILLUS CASEI VARIEDAD RHAMNOSUS 250MG C/12 CAP.,,,0,0
968,98,0,0,14/09/2016,TELMISARTAN 40MG C/28 TAB.,,,0,0
225,92,0,0,14/09/2016,BRIMONIDINA + TIMOLOL 0.2%/0.5% SOL. OFT. FCO. C/5ML,,,0,0
269,90,0,0,14/09/2016,DEXTROMETORFANO 15MG/5ML JARABE FCO. C/60ML,,,0,0
420,89,0,0,14/09/2016,INSULINA LISPRO + PROTAMINA 2X3ML C/300 UNIDADES,,,0,0
2790,88,0,0,14/09/2016,CITRATO DE SILDENAFIL 50MG C/4 TAB.,,,0,0
206,92,0,0,14/09/2016,BISOPROLOL 2.5MG C/30 GRAGEAS,,,0,0
2872,90,0,0,14/09/2016,METFORMINA 1GR C/30 TAB.,,,0,0
114,87,0,0,14/09/2016,DIFENHIDRAMINA + GUAIFENESINA 28MG JARABE FCO C/150ML,,,0,0
613,87,0,0,14/09/2016,HIDROXIPROPILMETILCELULOSA + DEXTRAN SOL OFT. GOTAS FCO C/15ML,,,0,0
1881,87,0,0,14/09/2016,LACTULOSA 66.66GR JARABE FCO. C/125ML,,,0,0
2627,95,0,0,14/09/2016,METOPROLOL 100MG C/20 TAB.,,,0,0
976,85,0,0,14/09/2016,CLORHIDRATO DE TRAMADOL 50MG C/10 CAP.,,,0,0
165,84,0,0,14/09/2016,DICLOFENACO POTASICO 25MG C/20 GRAGEAS,,,0,0
252,85,0,0,14/09/2016,BISOPROLOL 1.25MG C/30 GRAGEAS,,,0,0
2621,84,0,0,14/09/2016,LEVOFLOXACINO 500MG C/7 TAB.,,,0,0
2663,50,0,0,14/09/2016,RANITIDINA 300MG C/10 COMP.,,,0,0
81,85,0,0,14/09/2016,HIDROCLOROTIAZIDA 25MG C/20 TAB.,,,0,0
2648,100,0,0,14/09/2016,PARACETAMOL ORAL GOTAS C/15ML,,,0,0
2553,60,0,0,14/09/2016,FEXOFENADINA 6MG/ML SUSP. FCO. C/150ML,,,0,0
861,84,0,0,14/09/2016,ACIDO URSODESOXICOLICO 250MG C/50 CAP.,,,0,0
1920,81,0,0,14/09/2016,TRIMETOPRIMA + SULFAMETOXAZOL 160MG/800MG C/14 TAB.,,,0,0
1945,40,0,0,14/09/2016,ALENDRONATO SODICO 70MG C/4 TAB.,,,0,0
2880,81,0,0,14/09/2016,BENZONATATO 100MG C/20 PERLAS,,,0,0
3009,45,0,0,14/09/2016,CICLESONIDA 50MCG SPRAY NASAL C/120 DOSIS,,,0,0
2689,80,0,0,14/09/2016,DIMETICONA + GUAIAZULENE C/14 SOBRES,,,0,0
628,95,0,0,14/09/2016,NIMESULIDE 100MG C/10 TAB.,,,0,0
700,79,0,0,14/09/2016,ALUMINIO + MAGNESIO + DIMETICONA SUSP. FCO. C/360ML (MENTA),,,0,0
1454,75,0,0,14/09/2016,AMOXICILINA + ACIDO CLAVULANICO 500MG/125MG C/10 TAB.,,,0,0
1922,80,0,0,14/09/2016,NORELGESTROMINA + ETINILESTRADIOL C/3 PARCHES TRASDERMICO,,,0,0
446,77,0,0,14/09/2016,5-MONONITRATO DE ISOSORBIDA 60MG C/20 TAB.,,,0,0
1893,77,0,0,14/09/2016,MEDIAS ELASTICAS MED. COMP DEBAJO DE LA RODILLAS MATERIAL DE CURACION (MEDIANA),,,0,0
2410,77,0,0,14/09/2016,CLONAZEPAM 2MG C/30 COMP. (II),,,0,0
2575,93,0,0,14/09/2016,TELMISARTAN 80MG C/ 28 TAB.,,,0,0
679,77,0,0,14/09/2016,ESTROGENOS CONJUGADOS DE ORIGEN EQUINO TUBO C/43GR,,,0,0
2579,70,0,0,14/09/2016,FEXOFENADINA + FENILEFRINA 60MG/25MG C/10 TAB.,,,0,0
2635,76,0,0,14/09/2016,MECLIZINA + PIRIDOXINA 25MG/50MG C/25 TAB.,,,0,0
69,75,0,0,14/09/2016,DESLORATADINA 50MG JARABE FCO C/120ML,,,0,0
884,75,0,0,14/09/2016,CETIRIZINA 10MG C/10 TAB.,,,0,0
2680,74,0,0,14/09/2016,CLINDAMICINA 300MG C/16 CAP.,,,0,0
459,74,0,0,14/09/2016,NEOMICINA + CAOLIN + PECTINA 129MG/280MG C/20 TAB.,,,0,0
2853,74,0,0,14/09/2016,FOSFATO SODICO DE DEXAMETASONA 4MG/ML C/1 AMP. DE 2ML,,,0,0
610,30,0,0,14/09/2016,TRIAMCINOLONA 56.10MG SUSP. FCO C/16.5ML,,,0,0
1510,72,0,0,14/09/2016,DICLOXACILINA 500MG C/20 CAP.,,,0,0
330,72,0,0,14/09/2016,TRIMEBUTINA 200MG C/40 TAB.,,,0,0
855,71,0,0,14/09/2016,CLORHIDRATO DE TRAMADOL 100MG C/10 TAB.,,,0,0
1436,72,0,0,14/09/2016,ALENDRONATO SODICO TRIHIDRATADO + VITAMINA D3 70MG/2800UI C/4 COMP.,,,0,0
777,45,0,0,14/09/2016,BROMURO DE TIOTROPIO 18MCG C/20 CAP.,,,0,0
2643,74,0,0,14/09/2016,GABAPENTINA 300MG C/30 CAP.,,,0,0
815,75,0,0,14/09/2016,CARBAMAZEPINA 400MG C/20 GRAGEAS,,,0,0
21,69,0,0,14/09/2016,POLIMIXINA B + NEOMICINA + LIDOCAINA SOL. ORAL FCO. SPRAY C/20ML,,,0,0
847,69,0,0,14/09/2016,METOTREXATO 50/2ML SOL. INY. C/1 AMP.,,,0,0
419,68,0,0,14/09/2016,INSULINA LISPRO C/1000 UNIDADES,,,0,0
2682,74,0,0,14/09/2016,NIFEDIPINO 30MG LIB. PROL. C/30 TAB.,,,0,0
111,67,0,0,14/09/2016,VITAMINAS + HIERRO C/36 TAB.,,,0,0
692,67,0,0,14/09/2016,CLOPIDOGREL 75MG C/28 TAB.,,,0,0
2847,67,0,0,14/09/2016,TERBINAFINA 250MG C/28 TAB.,,,0,0
2754,66,0,0,14/09/2016,CLORURO DE SODIO Y GLICEROL 30ML ADTO. SOL. FCO C/30ML,,,0,0
31,66,0,0,14/09/2016,AMANTADINA + CLORFENAMINA + PARACETAMOL SOL. PED. GOTAS C/30ML,,,0,0
1053,60,0,0,14/09/2016,EBASTINA 20MG C/30 OBLEAS,,,0,0
2604,66,0,0,14/09/2016,AMIKACINA 500MG C/1X2ML AMP.,,,0,0
2844,66,0,0,14/09/2016,FEXOFENADINA 180MG C/10 COMP.,,,0,0
30,65,0,0,14/09/2016,AMANTADINA + CLORFENAMINA + PARACETAMOL FCO. C/60ML,,,0,0
627,65,0,0,14/09/2016,NAPROXENO 500MG C/12 TAB.,,,0,0
582,65,0,0,14/09/2016,TRIAZOLAM 0.250MG C/30 TAB.,,,0,0
632,65,0,0,14/09/2016,HEMITARTRATO DE ZOLPIDEM 10MG C/30 TAB. (III),,,0,0
2659,65,0,0,14/09/2016,DIFENIDOL 25MG C/30 TAB.,,,0,0
1928,67,0,0,14/09/2016,RAMIPRIL 2.5MG C/16 TAB.,,,0,0
2143,70,0,0,14/09/2016,TRINITRATO DE GLICERILO 18MG x PARCHE (5MG/24 Hrs C/7),,,0,0
483,63,0,0,14/09/2016,ESPIRONOLACTONA + FUROSEMIDA 50MG/20MG C/16 CAP.,,,0,0
442,61,0,0,14/09/2016,IVERMECTINA 6MG C/2 TAB.,,,0,0
996,61,0,0,14/09/2016,POLIETILENGLICOL+ PROPILENGLICOL GOTAS OFT. FCO. C/15ML,,,0,0
2823,61,0,0,14/09/2016,HIERRO ACIDO FOLICO C/30 GRAGEAS,,,0,0
93,60,0,0,14/09/2016,FEXOFENADINA 120MG C/10 COMP.,,,0,0
626,64,0,0,14/09/2016,PROPAFENONA 150MG C/30 TAB.,,,0,0
2737,60,0,0,14/09/2016,LEVOFLOXACINO 750MG C/7 TAB.,,,0,0
2569,59,0,0,14/09/2016,CAPTOPRIL 25MG C/30 TAB.,,,0,0
2657,59,0,0,14/09/2016,MUPIROCINA UNGUENTO 2% TUBO C/15GR,,,0,0
2696,59,0,0,14/09/2016,SALBUTAMOL 100MCG SPRAY C/ 200 DOSIS,,,0,0
2942,59,0,0,14/09/2016,ALMOTRIPTAN 12.5MG C/2 COMP.,,,0,0
218,58,0,0,14/09/2016,TRIMEBUTINA 2GR/100ML SUSP. JUNIOR FCO C/100ML,,,0,0
1523,58,0,0,14/09/2016,HIDROCORTISONA CREMA C/30GR,,,0,0
2778,57,0,0,14/09/2016,ALPRAZOLAM 0.25MG C/30 TAB. (II),,,0,0
334,57,0,0,14/09/2016,CLOTRIMAZOL 20GR CREMA C/3 APLICADORES,,,0,0
124,40,0,0,14/09/2016,MECLIZINA + PIRIDOXINA JARABE FCO. C/120ML,,,0,0
1241,56,0,0,14/09/2016,DEXKETOPROFENO TROMETAMOL 25MG C/10 TAB.,,,0,0
1546,50,0,0,14/09/2016,BRIMONIDINA + TIMOLOL + DORSOLAMINA 20/5/2ML SOL. OFT. C/5ML,,,0,0
2929,59,0,0,14/09/2016,SAXAGLIPITINA + METFORMINA 5MG/1000MG C/28 TAB.,,,0,0
2967,56,0,0,14/09/2016,"INSULINA BASAL ANALOGA DETEMIR 1,500UI C/PLUMAS JER. PRELLENADA",,,0,0
620,55,0,0,14/09/2016,ORFENADRINA + PARACETAMOL 35MG/450MG C/50 TAB.,,,0,0
848,58,0,0,14/09/2016,ACIDO TIOCTICO 600MG C/30 TAB.,,,0,0
2731,35,0,0,14/09/2016,CLARITROMICINA + AMBROXOL 500MG/45MG C/10 TAB.,,,0,0
833,60,0,0,14/09/2016,OXCARBAZEPINA 300MG C/20 GRAGEAS,,,0,0
1513,54,0,0,14/09/2016,ENALAPRIL 5MG C/30 TAB.,,,0,0
2900,45,0,0,14/09/2016,PRASUGREL 10MG C/14 TAB.,,,0,0
148,53,0,0,14/09/2016,GABAPENTINA 400MG C/15 CAP.,,,0,0
786,25,0,0,14/09/2016,SALMETEROL + FLUTICASONA 25MCG/50MCG 12GR FCO. C/120 DOSIS,,,0,0
53,53,0,0,14/09/2016,ACETONIDO DE FLUOCINOLONA + NISTATINA + METRONIDAZOL C/10 OVULOS,,,0,0
772,53,0,0,14/09/2016,ACIDO TIAPROFENICO 300MG C/30 COMP.,,,0,0
773,53,0,0,14/09/2016,ERGOTAMINA + ACIDO ACETILSALICILICO + CAFEINA 1MG/400MG/50MG C/36 TAB. (II),,,0,0
1135,60,0,0,14/09/2016,CEFIXIMA 100MG/5ML SUSP. ORAL C/100ML,,,0,0
2592,53,0,0,14/09/2016,NEOMICINA + POLIMIXINA B + BACITRACINA UNGUENTO DERMICO TUBO C/30GR,,,0,0
680,52,0,0,14/09/2016,TRIBENOSIDO + LIDOCAINA TUBO C/30GR,,,0,0
283,52,0,0,14/09/2016,DOXICICLINA 100MG C/10 CAP.,,,0,0
324,52,0,0,14/09/2016,RALOXIFENO 60MG C/28 TAB.,,,0,0
1499,52,0,0,14/09/2016,CLONIXINATO DE LISINA 250MG C/10 TAB.,,,0,0
23,51,0,0,14/09/2016,AMBROXOL GOTAS FCO. C/30ML,,,0,0
468,50,0,0,14/09/2016,CLONAZEPAM 2.5MG/1ML GOTAS 10ML (II),,,0,0
2775,50,0,0,14/09/2016,ACIDO NALIDIXICO + FENAZOPIRIDINA 500MG/50MG C/20 TAB.,,,0,0
421,50,0,0,14/09/2016,INSULINA HUMANA NPH CARTUCHO 100UI C/2X3ML,,,0,0
1075,49,0,0,14/09/2016,TROXERUTINA + CUMARINA 180MG/30MG C/30 GRAGEAS,,,0,0
443,48,0,0,14/09/2016,ITRACONAZOL 100MG C/15 CAP.,,,0,0
282,54,0,0,14/09/2016,CABERGOLINA 0.5MG C/2 TAB.,,,0,0
1263,48,0,0,14/09/2016,METRONIDAZOL + MICONAZOL 750MG/200MG C/7 OVULOS VAGINALES,,,0,0
2656,48,0,0,14/09/2016,KETOROLACO + TRAMADOL 10MG/25MG SUBLINGUAL C/4 TAB.,,,0,0
2504,47,0,0,14/09/2016,METOTREXATO 2.5MG C/50 TAB.,,,0,0
2578,47,0,0,14/09/2016,TOPIRAMATO 25MG C/28 TAB.,,,0,0
1377,46,0,0,14/09/2016,CICLOPIROX 8% SOL. C/3ML,,,0,0
128,46,0,0,14/09/2016,BENCIPENICILINA BENZATANICA SOL INY,,,0,0
659,45,0,0,14/09/2016,OXIMETAZOLINA + ALCOHOL POLIVINILICO 0.25MG SOL. OFT. FCO. C/10ML,,,0,0
182,45,0,0,14/09/2016,CLORTALIDONA 50MG C/20 TAB.,,,0,0
2694,45,0,0,14/09/2016,FINASTERIDE 5MG C/30 GRAGEAS,,,0,0
546,44,0,0,14/09/2016,NITROFURANTOINA 100MG C/40 CAP.,,,0,0
2784,44,0,0,14/09/2016,BETAMETASONA TUBO C/30GR,,,0,0
11,44,0,0,14/09/2016,PLANTAGO OVATA + SENNA ANGUSTIFOLIA 2.71 GR/0.62 GR FCO. GRANULADO C/100GR,,,0,0
47,44,0,0,14/09/2016,SULFASALAZINA 500MG C/60 GRAGEAS,,,0,0
526,44,0,0,14/09/2016,NEOMICINA + POLIMIXINA B + DEXAMETASONA UNGUENTO OFTALMICO TUBO C/3.5GR,,,0,0
2803,44,0,0,14/09/2016,TIAMINA + PIRIDOXINA + CIANOCOBALAMINA Y DICLOFENACO SODICO NO1 - 3 Y NO - 3 C/JGA AMP.,,,0,0
2931,45,0,0,14/09/2016,BETAHISTINA 24MG C/30 TAB.,,,0,0
893,35,0,0,14/09/2016,CLORHIDRATO DE ALFUZOSINA 10MG LIB. PROL. C/28 TAB.,,,0,0
909,45,0,0,14/09/2016,EZETIMIBA 10MG C/28 TAB.,,,0,0
1505,43,0,0,14/09/2016,CLOTRIMAZOL 10MG TUBO CREMA C/20GR,,,0,0
787,43,0,0,14/09/2016,TIZANIDINA 2MG C/20 TAB.,,,0,0
775,42,0,0,14/09/2016,ACETONIDO DE FLUOCINOLONA + POLIMIXINA B + NEOMICINA + LIDOCAINA SOL. OTICAS FCO. C/15ML,,,0,0
2789,42,0,0,14/09/2016,CIPROFLOXACINO + HIDROCORTISONA + LIDOCAINA SOL. OTICA GOTAS,,,0,0
369,42,0,0,14/09/2016,FUROSEMIDA 40MG C/20 TAB.,,,0,0
1533,42,0,0,14/09/2016,MESALAZINA 500MG C/40 GRAGEAS,,,0,0
1641,42,0,0,14/09/2016,MONTELUKAST 4MG C/10 SOBRES,,,0,0
539,41,0,0,14/09/2016,PRAZOSINA 1MG C/30 COMP.,,,0,0
1271,41,0,0,14/09/2016,BIFONAZOL TUBO CREMA C/20GR,,,0,0
2367,41,0,0,14/09/2016,CLORHIDRATO DE IMIPRAMINA 25MG C/20 TAB.,,,0,0
2782,41,0,0,14/09/2016,ATENOLOL 50MG C/28 TAB.,,,0,0
348,41,0,0,14/09/2016,PIMECROLIMUS 1% CREMA C/30GR,,,0,0
2863,41,0,0,14/09/2016,L-TARTRATO DE TOLTERODINA 2MG C/28 TAB.,,,0,0
186,40,0,0,14/09/2016,IPRATROPIO + SALBUTAMOL 20MCG/100MCG SUSP. AEROSOL FCO. C/120 DOSIS,,,0,0
1098,40,0,0,14/09/2016,TIAMAZOL 5MG C/20 TAB.,,,0,0
2857,42,0,0,14/09/2016,DILTIAZEM 30MG C/30 COMPS.,,,0,0
2950,40,0,0,14/09/2016,CLEBOPRIDA + SIMETICONA C/45 CAP.,,,0,0
622,41,0,0,14/09/2016,LEVOTIROXINA SODICA + LIOTIRONINA 100MCG/20MCG C/50 TAB.,,,0,0
1160,40,0,0,14/09/2016,BISOPROLOL 5MG C/30 GRAGEAS,,,0,0
2225,40,0,0,14/09/2016,DESOGESTREL 0.075MG C/28 TAB.,,,0,0
34,30,0,0,14/09/2016,LEFLUNOMIDA 20MG C/30 COMP.,,,0,0
1008,39,0,0,14/09/2016,BUDESONIDA 0.125MG/ML NEBUL. C/5 AMP. SOBRE 2ML,,,0,0
102,39,0,0,14/09/2016,HIDROXICINA 10MG C/30 TAB.,,,0,0
2815,39,0,0,14/09/2016,DEXTROMETORFANO + GUAIFENESINA + FENILEF PED. C/30ML,,,0,0
2834,39,0,0,14/09/2016,FENITOINA SODICA 100MG C/50 CAP.,,,0,0
2837,39,0,0,14/09/2016,TOPIRAMATO 100MG C/20 TAB.,,,0,0
779,38,0,0,14/09/2016,MONTELUKAST SODICO 5MG C/20 COMP.,,,0,0
615,38,0,0,14/09/2016,OXIBUTININA 5MG C/30 TAB.,,,0,0
1024,37,0,0,14/09/2016,RISPERIDONA 1MG C/20 TAB.,,,0,0
1094,37,0,0,14/09/2016,DIMETICONA PANCREATINA 170MG/80MG C/30 GRAGEAS,,,0,0
2835,37,0,0,14/09/2016,FURAZOLIDONA + CAOLIN Y PECTINA SUSP. C/120ML,,,0,0
86,36,0,0,14/09/2016,MOXIFLOXACINO 400MG C/7 TAB.,,,0,0
2747,36,0,0,14/09/2016,ITOPRIDA 50MG C/30 TAB.,,,0,0
527,36,0,0,14/09/2016,NEOMICINA + POLIMIXINA B + DEXAMETASONA SUSP. OFT. FCO. C/5ML,,,0,0
575,36,0,0,14/09/2016,LORAZEPAM 2MG C/40 TAB. (II),,,0,0
1154,36,0,0,14/09/2016,ACIDO IBANDRONICO 150MG C/1 COMP.,,,0,0
1483,36,0,0,14/09/2016,CEFALEXINA 250MG/5ML SUSP.,,,0,0
2795,38,0,0,14/09/2016,CLORHIDRATO DE AMIODARONA 200MG C/20 TAB.,,,0,0
602,30,0,0,14/09/2016,VENLAFAXINA 75MG C/20 CAP.,,,0,0
612,35,0,0,14/09/2016,HIDROXIPROPILMETILCELULOSA + DEXTRAN UNGUENTO TUBO C/3.5GR,,,0,0
665,35,0,0,14/09/2016,OXIDO DE ZINC TUBO CREMA C/30GR,,,0,0
1855,35,0,0,14/09/2016,AZITROMICINA 600MG FCO. SUSP. C/15ML,,,0,0
361,34,0,0,14/09/2016,FLUCONAZOL 100MG C/10 CAP.,,,0,0
1492,34,0,0,14/09/2016,PROGESTERONA 100MG C/30 PERLAS,,,0,0
2915,34,0,0,14/09/2016,RIVAROXABAN 10MG C/10 COMP. RECUBIERTOS,,,0,0
501,34,0,0,14/09/2016,ACICLOVIR 200MG/5ML FCO. C/120ML,,,0,0
608,34,0,0,14/09/2016,NAN H A 1 FORMULA LACTEA HIPOALERGENICA BIFIDUS LATA PVO. C/400GR,,,0,0
83,35,0,0,14/09/2016,MEMANTINA 10MG C/28 TAB.,,,0,0
418,33,0,0,14/09/2016,VITAMINA A + OXIDO ZINC + ACIDO BORICO + ALANTOINA POMADA TUBO C/60GR,,,0,0
552,33,0,0,14/09/2016,MINOCICLINA 100MG MICROGRANULOS C/10 CAP. ,,,0,0
866,33,0,0,14/09/2016,SALBUTAMOL 5MG/ML SOL. NEBUL. FCO. C/10ML,,,0,0
1238,33,0,0,14/09/2016,CLOBETASOL 0.044GR TUBO C/40GR,,,0,0
1874,33,0,0,14/09/2016,CLORHIDRATO DE BROMHEXINA JARABE C/100ML,,,0,0
290,33,0,0,14/09/2016,ACIDO VALPROICO JARABE 250MG C/120ML,,,0,0
467,33,0,0,14/09/2016,CLARITROMICINA 250MG SUSP. PED. FCO. C/60ML GRANULOS,,,0,0
2281,35,0,0,14/09/2016,ESOMEPRAZOL 10MG C/28 SOBRES GRANULADOS,,,0,0
2930,35,0,0,14/09/2016,PRUCALOPRIDA 2MG C/14 COMP.,,,0,0
885,32,0,0,14/09/2016,CETIRIZINA SOL. FCO. C/50ML,,,0,0
1880,32,0,0,14/09/2016,CLORHIDRATO DE TRAMADOL 100MG/ML GOTAS C/10ML,,,0,0
2808,32,0,0,14/09/2016,LIDOCAINA + HIDROCORTISONA TUBO UNG. C/20GR y APLICADOR,,,0,0
191,32,0,0,14/09/2016,KETOCONAZOL POLVO TALCO FCO. C/60GR,,,0,0
699,32,0,0,14/09/2016,ALUMINIO + MAGNESIO + DIMETICONA C/50 TAB. (MENTA),,,0,0
1418,32,0,0,14/09/2016,GLIBENCLAMIDA 5MG C/50 TAB.,,,0,0
1867,32,0,0,14/09/2016,METFORMINA + GLIBENCLAMIDA 500MG/5MG C/60 TAB.,,,0,0
2697,32,0,0,14/09/2016,CIPROFLOXACINO + DEXAMETASONA 3MG/1MG/ML FCO. C/5ML,,,0,0
2698,32,0,0,14/09/2016,RISPERIDONA 2MG C/20 TAB.,,,0,0
2865,32,0,0,14/09/2016,METRONIDAZOL 500MG C/30 COMP.,,,0,0
2964,32,0,0,14/09/2016,FENTERMINA 15MG C/30 TAB.,,,0,0
210,32,0,0,14/09/2016,CLORHIDRATO DE DULOXETINA 60MG C/28 CAPS.,,,0,0
227,31,0,0,14/09/2016,CLOBETASOL 0.050% TUBO C/30GR,,,0,0
871,31,0,0,14/09/2016,CETIRIZINA SOL 10MG/ML C/10ML,,,0,0
499,31,0,0,14/09/2016,HIDROXIDO DE MAGNESIO 8.5GR SUSP. C/180ML,,,0,0
1716,31,0,0,14/09/2016,RIFAXIMINA 200MG C/12 GRAGEAS,,,0,0
2092,31,0,0,14/09/2016,CLARITROMICINA 500MG C/10 TAB.,,,0,0
2649,31,0,0,14/09/2016,DOMPERIDONA 10MG C/30 TAB.,,,0,0
2726,31,0,0,14/09/2016,CLORANFENICOL 5MG/ML GOTAS OFT. C/15ML ,,,0,0
295,30,0,0,14/09/2016,DICLOFENACO SODICO 75MG/3ML SOL. INY. ENV. C/2 AMP.,,,0,0
782,30,0,0,14/09/2016,BUDESONIDA + FORMOTEROL 160MG/4.5MCG SPRAY,,,0,0
231,29,0,0,14/09/2016,OXIMETAZOLINA 25MG SOL. NASAL FCO. NEB. C/20ML,,,0,0
2565,29,0,0,14/09/2016,AMPICILINA 500MG C/20 CAP.,,,0,0
230,29,0,0,14/09/2016,OXIMETAZOLINA 50MG SOL. NASAL FCO. NEB. C/20ML,,,0,0
945,29,0,0,14/09/2016,GEMFIBROZILO 600MG C/14 TAB.,,,0,0
1912,29,0,0,14/09/2016,NAPROXENO SODICO + PARACETAMOL 125MG/100MG SUSP. FCO.  C/80ML,,,0,0
2016,30,0,0,14/09/2016,ADALIMUMAB 40MG JER. PRELLENEDA,,,0,0
24,28,0,0,14/09/2016,AMOXICILINA 250MG SUSP. C/75ML,,,0,0
1656,28,0,0,14/09/2016,MOSAPRIDA 5MG C/30 COMP.,,,0,0
2616,28,0,0,14/09/2016,METFORMINA + GLIBENCLAMIDA 500MG/2.5MG C/30 TAB.,,,0,0
2948,32,0,0,14/09/2016,AZILSARTAN MEDOXOMILO + CLORTALIDONA 80/12.5 C/28 TAB.,,,0,0
116,28,0,0,14/09/2016,PEROXIDO DE BENZOILO 5% TUBO GEL C/60GR,,,0,0
177,28,0,0,14/09/2016,CISAPRIDA 10MG C/30 TAB.,,,0,0
523,28,0,0,14/09/2016,NITROFURANTOINA 50MG C/40 CAP.,,,0,0
545,28,0,0,14/09/2016,ACICLOVIR 400MG C/35 COMP.,,,0,0
565,28,0,0,14/09/2016,METOCLOPRAMIDA 10MG C/20 TAB.,,,0,0
840,28,0,0,14/09/2016,KETOCONAZOL 2/100ML SHAMPOO C/1,,,0,0
2658,29,0,0,14/09/2016,TIBOLONA 2.5MG C/30 TAB.,,,0,0
2677,28,0,0,14/09/2016,TOBRAMICINA 3MG/1ML SOL. OFT. FCO. C/5ML,,,0,0
849,27,0,0,14/09/2016,ATENOLOL 100MG C/28 TAB.,,,0,0
1548,35,0,0,14/09/2016,OLANZAPINA 10MG C/14 TAB.,,,0,0
2427,27,0,0,14/09/2016,EPINASTINA 0.05% SOL. FCO. GOTERO C/5ML,,,0,0
2481,27,0,0,14/09/2016,PERMETRINA EMULSION C/120 APLICACIONES,,,0,0
2741,30,0,0,14/09/2016,ETINILESTRADIOL + DROSPIRENONA 3MG 24/4 C/28 COMP.,,,0,0
251,29,0,0,14/09/2016,DORZOLAMIDA + TIMOLOL GOTAS OFT. FCO. C/5ML,,,0,0
323,27,0,0,14/09/2016,DIMETICONA GOTAS C/30ML,,,0,0
648,27,0,0,14/09/2016,EMOLIENTE Y HUMECTANTE CON UREA AL 10% LOCION FCO. C/120ML,,,0,0
2468,27,0,0,14/09/2016,SALMETEROL + FLUTICASONA 25/125 FCO.,,,0,0
643,26,0,0,14/09/2016,NAPROXENO 250MG C /30 TAB.,,,0,0
1648,40,0,0,14/09/2016,MICOFENOLATO DE MOFELITO 500MG C/50 TAB.,,,0,0
112,25,0,0,14/09/2016,ETOFENAMATO TUBO CREMA C/40GR,,,0,0
261,25,0,0,14/09/2016,CLINDAMICINA SOL. TOPICA FCO C/30ML,,,0,0
1211,25,0,0,14/09/2016,INSULINA ASPARTICA ADN RECOM 100UI/1ML 3ML C/5 CARTUCHO,,,0,0
1335,25,0,0,14/09/2016,CEFIXIMA DE 200MG C/12 CAP.,,,0,0
1493,25,0,0,14/09/2016,CIPROFLOXACINO SOL. OFT. GOTAS C/5ML,,,0,0
2817,30,0,0,14/09/2016,DILTIAZEM 120MG LIB. PROL. C/20 TAB.,,,0,0
2923,25,0,0,14/09/2016,MOXIFLOXACINO + DEXAMETASONA SOL. OFT. GOTAS FCO C/5ML,,,0,0
363,25,0,0,14/09/2016,AMINOFENAZONA + BUFENINA + DIFENILPIRALI C/20 CAP.,,,0,0
531,25,0,0,14/09/2016,BROMURO DE PIRIDOSTIGMINA 60MG C/20 TAB.,,,0,0
564,20,0,0,14/09/2016,LEVODOPA + CARBIDOPA + ENTACAPONA 200MG/100MG/25MG C/30 TAB.,,,0,0
669,25,0,0,14/09/2016,PENTOXIFILINA 400MG C/30 GRAGEAS,,,0,0
2693,25,0,0,14/09/2016,LEVONORGESTREL + ETINILESTRADIOL 0.15MG/.03MG C/21 GRAGEAS,,,0,0
470,24,0,0,14/09/2016,NIMODIPINO 30MG C/30 TAB.,,,0,0
1503,24,0,0,14/09/2016,CLORFENAMINA I 50MG JBE. FCO. C/60ML,,,0,0
2780,24,0,0,14/09/2016,AMANTADINA + CLORFENAMINA + PARACETAMOL + FENILEFRINA SOL. FCO. C/60ML,,,0,0
71,24,0,0,14/09/2016,VALPROATO DE MAGNESIO 400MG C/20 TAB.,,,0,0
607,24,0,0,14/09/2016,FLUNARIZINA 10MG C/20 TAB.,,,0,0
2814,24,0,0,14/09/2016,DEXAMETASONA 1MG/ML SOL. OFT. GOTAS C/5ML,,,0,0
2861,24,0,0,14/09/2016,HIDROXOCABALAMINA TIAMINA PIRIDOXINA C/5 AMP. Y JER.,,,0,0
641,23,0,0,14/09/2016,PERMETRINA  5% SHAMPOO C/60ML,,,0,0
642,23,0,0,14/09/2016,PREDNISONA 20MG C/30 TAB.,,,0,0
2601,23,0,0,14/09/2016,MEBENDAZOL+ QUINFAMIDA 300MG/150MG C/2 TAB.,,,0,0
168,23,0,0,14/09/2016,CEFTIBUTEN 400MG C/10 CAP.,,,0,0
276,23,0,0,14/09/2016,BETAMETASONA + GENTAMICINA TUBO CREMA C/30GR,,,0,0
1889,23,0,0,14/09/2016,MALEATO DE CLORFENAMINA 4MG C/20 TAB.,,,0,0
2945,23,0,0,14/09/2016,AMOXICILINA 500MG SUSP. C/75ML ,,,0,0
1432,22,0,0,14/09/2016,ACIDO RETINOICO TUBO CREMA C/20GR,,,0,0
2412,22,0,0,14/09/2016,ISOTRETINOINA 10MG C/30 CAP.,,,0,0
2548,22,0,0,14/09/2016,DICLOFENACO + COLESTIRAMINA 140MG C/20 CAP.,,,0,0
3014,22,0,0,14/09/2016,PANCREATINA+ESTRACTO SECO BILIS BUEY+DIMETILPOLISILOXANO 130/50/40/MG C/30 GRAGEAS,,,0,0
362,22,0,0,14/09/2016,AMINOFENAZONA + BUFENINA + DIFENILPIRALI SOL. GOTAS C/25ML,,,0,0
437,22,0,0,14/09/2016,INDOMETACINA 25MG C/30 CAP.,,,0,0
719,22,0,0,14/09/2016,BUDESONIDA 0.250MG/ML NEBUL. C/5 AMP. SOBRE 2ML,,,0,0
722,22,0,0,14/09/2016,RESINA DE COLESTIRAMINA 9GR C/10 SOBRES,,,0,0
830,22,0,0,14/09/2016,TRAVOPROST 40MCG SOL. OFT. FCO. C/2.5ML,,,0,0
852,22,0,0,14/09/2016,TRIMETOPRIMA + SULFAMETOXAZOL 80/400MG C/20 TAB.,,,0,0
1494,22,0,0,14/09/2016,RANITIDINA 150MG JARABE FCO. C/200ML,,,0,0
1509,22,0,0,14/09/2016,DICLOXACILINA 250MG SUSP. FCO. C/60ML,,,0,0
2717,22,0,0,14/09/2016,"ERITROPOYETINA HUMANA 50,000UI/10ML INY. C/1 AMP.",,,0,0
193,21,0,0,14/09/2016,"PANCREATINA + LIPASA + AMILASA + PROTEASA 10,000UI C/50 CAP.",,,0,0
337,21,0,0,14/09/2016,VALPROATO SEMISODICO 500MG LIB. RET. C/30 COMP.,,,0,0
802,21,0,0,14/09/2016,BUDESONIDA + FORMOTEROL 320MG/9MCG C/60 DOSIS (POLVO),,,0,0
2773,21,0,0,14/09/2016,ACIDO MEFENAMICO 500MG C/20 TAB.,,,0,0
2794,21,0,0,14/09/2016,CLORANFENICOL + HIDROCORTISONA + BENZOCAINA SOL. OTICA FCO. C/10ML,,,0,0
138,21,0,0,14/09/2016,ENANTATO DE PRASTERONA + VALERATO DE ESTRADIOL 200MG/4MG C/1 JER. PRELLENADA DE 1ML,,,0,0
599,23,0,0,14/09/2016,OLANZAPINA 5MG C/14 TAB.,,,0,0
2615,21,0,0,14/09/2016,CEFUROXIMA 250MG/5ML SUSP. C/50ML,,,0,0
2944,22,0,0,14/09/2016,AZILSARTAN MEDOXOMILO + CLORTALIDONA 40/12.5 C/28 TAB.,,,0,0
2946,25,0,0,14/09/2016,AZILSARTAN MEDOXOMILO 40MG C/28 TAB.,,,0,0
329,20,0,0,14/09/2016,NUTRAMIGEN PREMIUM LATA C/357GR,,,0,0
427,20,0,0,14/09/2016,INSULINA HUMANA 70/30 CARTUCHO C/300U C/2X3ML,,,0,0
624,20,0,0,14/09/2016,HIDROCORTISONA 1GR/100ML FCO. LOCION C/120ML,,,0,0
783,20,0,0,14/09/2016,PROPRANOLOL 40MG C/30 TAB.,,,0,0
2496,23,0,0,14/09/2016,ENOXAPARINA SODICA 60MG/0.4ML C/2 JER.S PRELLENADAS,,,0,0
2779,20,0,0,14/09/2016,ALPRAZOLAM 0.50MG C/30 TAB. (II),,,0,0
1262,20,0,0,14/09/2016,FLUCONAZOL+ TINIDAZOL 37.5MG/500MG C/4 TAB.,,,0,0
1746,20,0,0,14/09/2016,RIVASTIGMINA 4.6MG C/30 PARCHES,,,0,0
2493,20,0,0,14/09/2016,SALMETEROL + FLUTICASONA 50/100MCG SOL. INHAL C/60 DOSIS,,,0,0
2607,20,0,0,14/09/2016,ACICLOVIR TUBO CREMA C/5GR,,,0,0
120,19,0,0,14/09/2016,BETAMETASONA LOCION CAPILAR FCO. C/50ML,,,0,0
284,19,0,0,14/09/2016,DIMENHIDRINATO JARABE FCO. C/120ML,,,0,0
2193,25,0,0,14/09/2016,VALPROATO SEMISODICO ER 500MG LIB. PROL. C/30 TAB.,,,0,0
2862,21,0,0,14/09/2016,LATANOPROST 0.005% SOL. OFT. FCO. C/2.5ML,,,0,0
9,19,0,0,14/09/2016,TERAZOSINA 5MG C/30 TAB.,,,0,0
272,19,0,0,14/09/2016,ETAMSILATO 500MG C/20 COMP.,,,0,0
432,19,0,0,14/09/2016,L-ORNITINA + L-ASPARTATO 3GR C/10 SOBRES GRANULADOS,,,0,0
525,19,0,0,14/09/2016,INDOMETACINA 50MG C/28 CAP.,,,0,0
567,19,0,0,14/09/2016,METRONIDAZOL .75% TUBO GEL C/30GR,,,0,0
1079,19,0,0,14/09/2016,PIROXICAM 10MG C/20 CAP.,,,0,0
1862,19,0,0,14/09/2016,CALCITRIOL 0.25MCG C/50 CAP.,,,0,0
2668,19,0,0,14/09/2016,CLORHIDRATO DE BENCIDAMINA 45MG SOL. C/30ML,,,0,0
160,18,0,0,14/09/2016,CALAMINA LOCION FCO. 180ML,,,0,0
179,18,0,0,14/09/2016,ENOXAPARINA SODICA 40MG/0.4ML C/2 JER.S PRELLENADAS,,,0,0
209,18,0,0,14/09/2016,CALCIO 500MG ENV. C/12 COMP.,,,0,0
634,18,0,0,14/09/2016,NAN A.R FORMULA LACTEA LATA C/400GR,,,0,0
1375,18,0,0,14/09/2016,ESTRADIOL + DROSPIRENONA 1MG/2MG C/28 COMPS. RECUB.,,,0,0
2838,18,0,0,14/09/2016,VALPROATO DE MAGNESIO 200MG C/40 TAB.,,,0,0
28,18,0,0,14/09/2016,DILTIAZEM 90MG C/20 TAB.,,,0,0
1143,18,0,0,14/09/2016,MONTELUKAST SODICO 4MG C/10 TAB.,,,0,0
2307,18,0,0,14/09/2016,CLONIXITATO DE LISINA + CICLOBENZAPRINA 125/5 C/20 TAB.,,,0,0
2969,18,0,0,14/09/2016,LIRAGLUTIDE 0.6MG FLEXPEN,,,0,0
82,17,0,0,14/09/2016,DILTIAZEM 60MG C/30 COMPS.,,,0,0
84,17,0,0,14/09/2016,AMITRIPTILINA 25MG C/50 TAB.,,,0,0
625,19,0,0,14/09/2016,CITRATO DE TAMOXIFENO 20MG C/15 TAB.,,,0,0
2413,17,0,0,14/09/2016,DROPROPIZINA 30MG C/15 TAB. ,,,0,0
2573,17,0,0,14/09/2016,ESPIRONOLACTONA 100MG C/30 TAB.,,,0,0
2840,17,0,0,14/09/2016,FLOROGLUCINOL + TRIMETILFLOROGLUCINOL 80MG/80MG C/20 CAP.,,,0,0
2875,17,0,0,14/09/2016,NIFEDIPINO 10MG C/20 CAP.,,,0,0
3037,17,0,0,14/09/2016,TRIMEBUTINA 200MG C/20 TAB,,,0,0
38,20,0,0,14/09/2016,VALPROATO DE MAGNESIO 600MG C/30 TAB.,,,0,0
449,17,0,0,14/09/2016,CLINDAMICINA + PEROXIDO DE BENZOILO 5GR/100GR EN 100GR TUBO GEL C/30GR,,,0,0
2245,18,0,0,14/09/2016,KETANSERINA + METRONIDAZOL + MICONAZOL 36MG C/10 OVULOS,,,0,0
2918,17,0,0,14/09/2016,INDACATEROL 150MG C/30 CAP.,,,0,0
51,18,0,0,14/09/2016,AZATIOPRINA 50MG C/50 TAB.,,,0,0
349,15,0,0,14/09/2016,ETANERCEPT 25MG FCO. C/4 AMP.,,,0,0
767,16,0,0,14/09/2016,NICERGOLINA 30MG C/20 GRAGEAS,,,0,0
957,16,0,0,14/09/2016,ALBENDAZOL 200MG C/2 TAB.,,,0,0
1033,16,0,0,14/09/2016,OXCARBAZEPINA 60MG/1ML SUSP. C/100ML,,,0,0
2914,16,0,0,14/09/2016,CLEBOPRIDA 500MG C/30 COMP.,,,0,0
95,15,0,0,14/09/2016,ALBENDAZOL 20MG/ML SUSP. ORAL C/20ML,,,0,0
798,15,0,0,14/09/2016,KETANSERINA + BENZOCAINA 2% TUBO GEL C/78GR,,,0,0
1820,15,0,0,14/09/2016,ERDOSTEINA 300MG C/20 CAP.,,,0,0
2151,17,0,0,14/09/2016,SILIMARINA 70MG C/20 COMP.,,,0,0
3029,15,0,0,14/09/2016,PROPRANOLOL 10MG C/50 TAB.,,,0,0
319,15,0,0,14/09/2016,MOMETASONA 1% UNGUENTO TOPICO TUBO C/30GR,,,0,0
494,15,0,0,14/09/2016,CLORMADINONA 5MG C/20 TAB.,,,0,0
1310,15,0,0,14/09/2016,SOL. ESTERILIZANTE + ANTISEPTICA DE SUPEROXIDACION FCO. C/240ML,,,0,0
1522,15,0,0,14/09/2016,CIPROTERONA + ETINILESTRADIOL 2MG/.035MG C/21 GRAGEAS ,,,0,0
1905,15,0,0,14/09/2016,ESTOLATO DE ERITROMICINA 500MG C/20 TAB.,,,0,0
2594,15,0,0,14/09/2016,CARVEDILOL 25MG C/14 TAB.,,,0,0
2937,15,0,0,14/09/2016,RIVAROXABAN 20MG C/28 COMP.,,,0,0
2979,15,0,0,14/09/2016,TIZANIDINA 6MG LIB. PROL. C/10 CAP.,,,0,0
35,20,0,0,14/09/2016,ANASTROZOL 1MG C/28 TAB.,,,0,0
121,14,0,0,14/09/2016,CLORHIDRATO DE BETAXOLOL 2.5GR SUSP OFT.  C/5ML,,,0,0
588,14,0,0,14/09/2016,BROMAZEPAM 3MG C/30 TAB.,,,0,0
842,15,0,0,14/09/2016,ESTRADIOL + TRIMEGESTONA CONTINUO 1MG/.125MG C/28 GRAGEAS,,,0,0
1258,14,0,0,14/09/2016,TRITICUM VULGARE FENOXIETANOL CREMA UNGUENTO C/30GR,,,0,0
2572,14,0,0,14/09/2016,ESPIRONOLACTONA 25MG C/30 TAB.,,,0,0
2768,14,0,0,14/09/2016,ACIDO ACETILSALICILICO 500MG C/20 TAB.,,,0,0
2798,14,0,0,14/09/2016,CLORHIDRATO DE BIPERIDENO 2MG C/30 TAB.,,,0,0
273,14,0,0,14/09/2016,DIFENIDOL 40MG/2ML SOL. INY. C/2 AMP.,,,0,0
709,14,0,0,14/09/2016,LAMOTRIGINA 25MG C/28 TAB. DISP.,,,0,0
727,14,0,0,14/09/2016,ACIDO ACEXAMICO + NEOMICINA UNGUENTO 5GR/0.4GR EN 100GR TUBO C/40GR,,,0,0
794,15,0,0,14/09/2016,ATOMOXETINA 25MG C/14 CAP.,,,0,0
896,14,0,0,14/09/2016,LIDOCAINA + HIDROCORTISONA + SUBACETATO C/12 SUP.,,,0,0
912,14,0,0,14/09/2016,TEGASEROD 6MG C/30 COMP.,,,0,0
1370,14,0,0,14/09/2016,ITRACONAZOL + SECNIDAZOL C/12 CAP.,,,0,0
2144,14,0,0,14/09/2016,TRINITRATO DE GLICERILO 36MG x PARCHE (10MG/24 hrs C/7),,,0,0
2411,14,0,0,14/09/2016,PRAMIPEXOL 0.5MG C/30 TAB.,,,0,0
2631,14,0,0,14/09/2016,TRIMETOPRIMA + SULFAMETOXAZOL 40MG/200MG/5MG SUSP. FCO. C/120ML,,,0,0
2653,14,0,0,14/09/2016,SUCRALFATO 1GR C/40 TAB.,,,0,0
2947,14,0,0,14/09/2016,AZILSARTAN MEDOXOMILO 80MG C/28 TAB.,,,0,0
2968,14,0,0,14/09/2016,LACTULOSA + PARAFINA LIQUIDA + PARAFINA BLANCA GEL ORAL FCO. C/150GR,,,0,0
62,13,0,0,14/09/2016,BROMURO DE IPRATROPIO 20MCG SUSP. AEROSOL C/200 DOSIS EN 10ML,,,0,0
596,13,0,0,14/09/2016,PARACETAMOL + CODEINA 500MG/30MG C/30 CAP. (II),,,0,0
891,13,0,0,14/09/2016,ANFEBUTAMONA 150MG LIB. PROL. C/30 TAB.,,,0,0
926,13,0,0,14/09/2016,LUTENIA + ZEAXANTINA SUPLEMENTO ALIMENTICIO DE LIB PROLONGADA 57GR C/60 TAB.,,,0,0
1552,13,0,0,14/09/2016,ADAPALENE 1% CREMA C/30GR,,,0,0
2625,13,0,0,14/09/2016,KETOCONAZOL 200MG C/10 TAB.,,,0,0
2629,13,0,0,14/09/2016,NEOMICINA + CAOLIN + PECTINA 36.65MG/500MG SUSP. C/75ML,,,0,0
2736,13,0,0,14/09/2016,LEVOCETIRIZINA GOTAS C/10ML,,,0,0
2905,15,0,0,14/09/2016,DESVENLAFAXINA 50MG C/28 COMP.,,,0,0
67,13,0,0,14/09/2016,SULFADIACINA DE PLATA MICRONIZADA 1% CREMA TUBO C/30GR,,,0,0
1026,13,0,0,14/09/2016,DIPROPINATO DE BETAMETASONA + CALCIPOTRIOL 5MG/50MG TUBO UNGUENTO C/30GR,,,0,0
1852,13,0,0,14/09/2016,AMOXICILINA/ACIDO CLAVULANICO 200MG/285MG/5ML FCO. C/40ML,,,0,0
3000,13,0,0,14/09/2016,SOMATROPINA 10MG PLUMA PRELLENADA C/1 DISPOSITIVO DE 1.5ML,,,0,0
37,12,0,0,14/09/2016,VALPROATO DE MAGNESIO 500MG C/20 TAB.,,,0,0
528,12,0,0,14/09/2016,ALLIUM CEPAE + ALANTOINA TUBO GEL C/20GR,,,0,0
623,12,0,0,14/09/2016,POLIETILENGLICOL + BICAR. SODICO + CL SODIO + CL DE POTASIO POLVO 109.6GR C/4 SOBRES,,,0,0
966,13,0,0,14/09/2016,ATOMOXETINA 60MG C/14 CAP.,,,0,0
1007,12,0,0,14/09/2016,NAFAZOLINA + HIPROMELOSA OFT. GOTAS FCO C/15ML,,,0,0
1029,12,0,0,14/09/2016,CLINDAMICINA + KETOCONAZOL 800/100MG C/3 TAB. VAGINALES,,,0,0
1058,14,0,0,14/09/2016,BIMATOPROST GOTAS 0.03% SOL. OFT. C/3ML,,,0,0
1176,12,0,0,14/09/2016,FELODIPINO + METOPROLOL 5/47.5MG C/14 TAB.,,,0,0
1448,12,0,0,14/09/2016,ALPRAZOLAM 1MG C/30 COMP. (II),,,0,0
2353,12,0,0,14/09/2016,QUETIAPINA 300MG C/30 TAB. LIB PROL.,,,0,0
2652,12,0,0,14/09/2016,DIMENHIDRINATO 50MG C/20 TAB.,,,0,0
2843,12,0,0,14/09/2016,ONDANSETRON 8MG C/10 TAB.,,,0,0
135,12,0,0,14/09/2016,LIOFILIZADO ESTANDARIZADO DE LISADO BACTERIANOS INFANTIL 3.5MGS. C/10 CAP.,,,0,0
167,12,0,0,14/09/2016,CEFTIBUTEN 36MG/ML SUSP. FCO C/30ML,,,0,0
274,12,0,0,14/09/2016,VERAPAMILO 40MG C/30 TAB.,,,0,0
280,12,0,0,14/09/2016,ACETATO DE CALCIO + SULFATO DE ALUMINIO C/12 SOBRES,,,0,0
590,12,0,0,14/09/2016,DIAZEPAM + DEXTROPROPOXIFENO + PARACETAMOL C/20 TAB. (II),,,0,0
703,12,0,0,14/09/2016,SULFATO DE AMANTADINA 100MG C/30 TAB.,,,0,0
804,12,0,0,14/09/2016,ATOMOXETINA 18MG C/14 CAP.,,,0,0
1724,12,0,0,14/09/2016,OXCARBAZEPINA 600MG C/20 GRAGEAS,,,0,0
1793,12,0,0,14/09/2016,BIMATOPROST + TIMOLOL 0.03%/0.05% SOL. OFT. C/3ML,,,0,0
2770,12,0,0,14/09/2016,"ACIDO ASCORBICO + VITAMINA A + ERGOCALCIFERO VIT. A,C,D SOL. GOTAS C/15ML",,,0,0
2990,15,0,0,14/09/2016,LACOSAMIDA 100MG C/28 TAB.,,,0,0
4,11,0,0,14/09/2016,VERALIPRIDA 100MG C/20 CAP.,,,0,0
8,11,0,0,14/09/2016,NIFEDIPINO 20MG LIB. PROL. C/28 COMP.,,,0,0
433,11,0,0,14/09/2016,ISOCONAZOL TUBO CREMA C/40GR Y 7 APLICADORES,,,0,0
1011,11,0,0,14/09/2016,DOMPERIDONA SUSP. C/60ML,,,0,0
1730,11,0,0,14/09/2016,HIDROSMINA 200MG C/20 CAP.,,,0,0
2738,11,0,0,14/09/2016,SALMETEROL + FLUTICASONA 50MCG/500MG FCO. C/60 DOSIS,,,0,0
2878,11,0,0,14/09/2016,BROMURO DE TIOTROPIO C/30 CAP. + DISPOSITIVO DOSIFICADOR,,,0,0
15,11,0,0,14/09/2016,IMIQUIMOD SOBRES 250MG AL 5% C/12 SOBRES,,,0,0
238,11,0,0,14/09/2016,CLINDAMICINA 300MG C/2ML AMP.,,,0,0
258,11,0,0,14/09/2016,PIPERIDOLATO 100MG C/30 GRAGEAS,,,0,0
434,11,0,0,14/09/2016,ISOCONAZOL 600MG C/1 OVULO,,,0,0
1112,11,0,0,14/09/2016,HIALUNARATO DE SODIO 4.0MG D.U. C/20 ENVASES DE 0.5ML,,,0,0
1180,11,0,0,14/09/2016,OLANZAPINA + FLUOXETINA 6/25MG C/14 CAP.,,,0,0
2632,11,0,0,14/09/2016,CITICOLINA 500MG C/10 COMP.,,,0,0
2772,11,0,0,14/09/2016,ACIDO ASCORBICO + VITAMINA + VITAMINA C 1GR C/10 TAB.,,,0,0
237,10,0,0,14/09/2016,CINARIZINA 75MG ENV. C/60 TAB.,,,0,0
633,10,0,0,14/09/2016,NORFLOXACINO 400MG C/20 GRAGEAS,,,0,0
666,10,0,0,14/09/2016,OLOPATADINA 0.2% SOL. OFT. C/2.5ML,,,0,0
689,10,0,0,14/09/2016,PREDNISONA 50MG C/20 TAB.,,,0,0
740,10,0,0,14/09/2016,MIRTAZAPINA 30MG C/12 TAB. DISP.,,,0,0
793,10,0,0,14/09/2016,YODOPUVIDONA BUCOFARINGEO SOL. FCO. C/120ML ,,,0,0
880,10,0,0,14/09/2016,MOXIFLOXACINO 0.5% SOL. OFT. FCO C/5ML,,,0,0
1506,10,0,0,14/09/2016,DEXAMETASONA + FENILEFRINA SOL. OFT. FCO. C/10ML,,,0,0
1795,10,0,0,14/09/2016,LIOFILIZADO ESTANDARIZADO DE LISADOS BACTERIANOS CAPSULAS ADULTOS 7MG C/10 CAP.,,,0,0
2624,10,0,0,14/09/2016,NAN SIN LACTOSA FORMULA LACTEA EXCENTA DE LACTOSA LATA PVP. C/400GR,,,0,0
2976,10,0,0,14/09/2016,PROPRANOLOL 20MG C/24 TAB.,,,0,0
46,10,0,0,14/09/2016,BRINZOLAMIDA 1% SUSP. OFT. FCO. C/5ML,,,0,0
275,10,0,0,14/09/2016,VERAPAMILO 180MG C/15 TAB.,,,0,0
764,10,0,0,14/09/2016,CLORMADINONA + MESTRANOL 2MG/80MCG C/21 TAB.,,,0,0
1488,10,0,0,14/09/2016,CEFUROXIMA 500MG C/10 TAB.,,,0,0
1733,10,0,0,14/09/2016,SUPLEMENTO DE AMINOACIDOS Y CALORIAS POLVO SOBRE C/110GR,,,0,0
2072,10,0,0,14/09/2016,NEPAFENACO 1.0MG SOL. OFT. GOTAS C/5ML,,,0,0
2841,10,0,0,14/09/2016,MECLIZINA + PIRIDOXINA + LIDOCAINA C/1 AMP.,,,0,0
2882,10,0,0,14/09/2016,TESTOSTERONA 250MG/1ML C/1 AMP.,,,0,0
707,9,0,0,14/09/2016,"BENCILPENICILINA SODICA 1,000,000 UI + 1 FCO. C/2ML AMP. DIL.",,,0,0
824,9,0,0,14/09/2016,TOLNAFTATO 1% SOL. FCO C/20ML,,,0,0
879,9,0,0,14/09/2016,ACIDO POLIACRILICO GEL OFTALMICO TUBO C/10GR,,,0,0
1042,9,0,0,14/09/2016,REPAGLINIDA 2MG C/30 COMP.,,,0,0
1248,9,0,0,14/09/2016,OXIMETAZOLINA + HIALURONATO DE SODIO OFTENO 1MG/0.125GR/0.5ML C/20 AMP.,,,0,0
1587,9,0,0,14/09/2016,BROMHIDRATO DE GALANTAMINA 8MG C/14 CAP.,,,0,0
2859,9,0,0,14/09/2016,DINITRATO DE ISOSORBIDA 5MG C/20 TAB.,,,0,0
85,9,0,0,14/09/2016,DICLOXACILINA 250MG C/20 CAP.,,,0,0
854,10,0,0,14/09/2016,EMTRICITABINA + TENOFOVIR DISOPROXIL FUMARATO C/30 TAB.,,,0,0
1567,9,0,0,14/09/2016,VERAPAMILO + TRANDOLAPRIL 180MG/2MG LIB. PROL. C/15 TAB.,,,0,0
2676,9,0,0,14/09/2016,DEXAMETASONA + TOBRAMICINA UNGUENTO OFT. TUBO C/3.5GR,,,0,0
2818,9,0,0,14/09/2016,DILTIAZEM 180MG LIB. PROL. C/12 TAB.,,,0,0
2846,9,0,0,14/09/2016,"NISTATINA 2,400,000UI SUSP. FCO. C/24ML",,,0,0
99,8,0,0,14/09/2016,AMPICILINA 1GR I.M. C/1 AMP.,,,0,0
243,8,0,0,14/09/2016,CARBONATO DE LITIO 300MG C/50 TAB.,,,0,0
264,8,0,0,14/09/2016,ACIDO VALPROICO 250MG C/30 CAP.,,,0,0
360,8,0,0,14/09/2016,FLUTICASONA 250MCG FCO. PRESURIZADO C/60 DOSIS,,,0,0
682,8,0,0,14/09/2016,ESTRADIOL + NORGESTREL 2MG/0.5MG C/21 GRAGEAS (11 BLANCAS Y 10 COLOR),,,0,0
1069,8,0,0,14/09/2016,FLUTICASONA 0.5MG/2ML C/10 AMP.,,,0,0
1453,8,0,0,14/09/2016,METRONIDAZOL 5GR SUSP. C/120ML,,,0,0
1555,8,0,0,14/09/2016,MEDROXIPROGESTERONA 10MG C/10 TAB.,,,0,0
1782,8,0,0,14/09/2016,BUDESONIDA + FORMOTEROL 80MG/4.5MCG SPRAY,,,0,0
2980,13,0,0,14/09/2016,BACLOFENO 10MG C/100 TAB.,,,0,0
3013,8,0,0,14/09/2016,COLISTIMETATO DE SODIO 150MG FCO. AMP.,,,0,0
388,8,0,0,14/09/2016,PREDNISOLONA 100MG SOL. FCO. C/100ML,,,0,0
425,8,0,0,14/09/2016,HIERRO DEXTRAN 100MG/2ML SOL. INY. C/3 AMP.,,,0,0
445,8,0,0,14/09/2016,EPLERENONA 25MG C/30 TAB.,,,0,0
484,8,0,0,14/09/2016,FUROSEMIDA 20MG C/36 TAB.,,,0,0
614,8,0,0,14/09/2016,OXIBUTININA 100MG/100ML FCO C/120ML,,,0,0
837,8,0,0,14/09/2016,TERAZOSINA 2MG ENV. C/20 TAB.,,,0,0
2868,8,0,0,14/09/2016,SUBSALICILATO DE BISMUTO SUSP. FCO C/120ML,,,0,0
2949,8,0,0,14/09/2016,CINOSTAZOL 100MG C/30 TAB.,,,0,0
2963,8,0,0,14/09/2016,ERDOSTEINA SOL. C/90ML,,,0,0
2965,8,0,0,14/09/2016,FLEET FOSFOSODA SOL. ORAL C/45ML,,,0,0
50,7,0,0,14/09/2016,ARIPIPRAZOL 15MG C/10 TAB.,,,0,0
259,7,0,0,14/09/2016,MICONAZOL 2% TUBO GEL ORAL C/78GR,,,0,0
451,7,0,0,14/09/2016,MALEATO DE TIMOLOL SOL. OFT. 5% C/15ML,,,0,0
511,7,0,0,14/09/2016,ACETONIDO DE FLUOCINOLONA TUBO C/30GR,,,0,0
574,7,0,0,14/09/2016,CLORHIDRATO AMITRIPTILINA + DIAZEPAM + PERFENACINA 10MG/3MG/2MG C/30 TAB.,,,0,0
681,7,0,0,14/09/2016,TRIBENOSIDO + LIDOCAINA 400MG C/5 SUP.,,,0,0
1060,15,0,0,14/09/2016,LINEZOLID 600MG C/10 TAB.,,,0,0
1424,7,0,0,14/09/2016,ACICLOVIR COMPRIMIDOS 200MG C/25 COMP.,,,0,0
1437,8,0,0,14/09/2016,HIPROMELOSA SOL. OFT GOTAS C/15ML,,,0,0
1526,7,0,0,14/09/2016,MESALAZINA 1GR C/30 SOBRES GRANULADOS,,,0,0
2393,7,0,0,14/09/2016,RIMANTADINA 100MG C/14 CAP.,,,0,0
2735,7,0,0,14/09/2016,LEVOCETIRIZINA SOL. INFANTIL C/150ML,,,0,0
2739,7,0,0,14/09/2016,FORMULA LACTEA DE TERMINO DE 0 A 6 (ETAPA 1) LATA C/350GR,,,0,0
2758,7,0,0,14/09/2016,BUPRENORFINA 30MG C/4 PARCHES (II),,,0,0
2816,7,0,0,14/09/2016,DIGOXINA 0.25MG C/60 TAB.,,,0,0
2899,10,0,0,14/09/2016,DESVENLAFAXINA 100ML C/28 COMP.,,,0,0
3023,18,0,0,14/09/2016,LINACLOTIDE .29MG C/30 CAP.,,,0,0
115,7,0,0,14/09/2016,PEROXIDO DE BENZOILO 10% TUBO GEL C/60GR,,,0,0
228,7,0,0,14/09/2016,CLORHIDRATO DE METILFENIDATO 36MG C/30TAB. (II),,,0,0
378,7,0,0,14/09/2016,FOSFATO MONOSODICO 12GR + CIDRATO DE SODI ENEMA EVACUANTE C/133ML,,,0,0
580,7,0,0,14/09/2016,DECANOATO DE FLUPENTIXOL 20MG C/1 AMP. DE 2ML (III),,,0,0
587,7,0,0,14/09/2016,PERFENAZINA 4MG C/30 TAB.,,,0,0
807,7,0,0,14/09/2016,ATOMOXETINA 40MG C/14 CAP.,,,0,0
916,7,0,0,14/09/2016,OLANZAPINA 10MG C/14 TAB. DISPERSABLES,,,0,0
1099,7,0,0,14/09/2016,PREDNISOLONA 3.0MG/ML SOL. PED. C/120ML,,,0,0
2023,7,0,0,14/09/2016,LEVETIRACETAM SOL. 100MG C/150ML,,,0,0
2139,7,0,0,14/09/2016,RISPERIDONA 1MG/ML SOL. FCO. C/60ML,,,0,0
2639,7,0,0,14/09/2016,"INSULINA HUMANA RAPIDA 1,000UI FCO. C/10ML",,,0,0
2791,7,0,0,14/09/2016,CLIOQUINOL TUBO CREMA 30GR,,,0,0
2831,7,0,0,14/09/2016,TEOFILINA 100MG C/20 CAP.,,,0,0
3017,30,0,0,14/09/2016,GLICOPIRRONIO + INDACATEROL C/30 CAP. INHALACION,,,0,0
2,6,0,0,14/09/2016,NORFENILEFRINA SOL. GOTAS FCO. C/24ML,,,0,0
196,6,0,0,14/09/2016,WARFARINA SODICA 5MG C/30 TAB.,,,0,0
516,6,0,0,14/09/2016,FLUVOXAMINA 100MG C/15 GRAGEAS,,,0,0
553,6,0,0,14/09/2016,SECNIDAZOL 500MG C/8 COMP.,,,0,0
598,6,0,0,14/09/2016,DIAZEPAM 10MG C/20 COMP. (II),,,0,0
691,6,0,0,14/09/2016,CISAPRIDA FCO C/60ML,,,0,0
759,6,0,0,14/09/2016,SALBUTAMOL 40MG/100ML JARABE FCO. C/60ML,,,0,0
1481,6,0,0,14/09/2016,PARECOXIB SODICO 40MG/2ML INY. C/2 AMP.,,,0,0
2019,6,0,0,14/09/2016,ALTHERA POLVO LATA C/450GR,,,0,0
2230,6,0,0,14/09/2016,DROPROPIZINA JARABE C/120ML,,,0,0
2454,6,0,0,14/09/2016,NEOCATE POLVO C/400GR,,,0,0
2600,6,0,0,14/09/2016,MEBENDAZOL 100MG C/6 TAB.,,,0,0
3001,13,0,0,14/09/2016,SOMATROPINA 15MG PLUMA PRELLENADA C/1 DISPOSITIVO DE 1.5ML,,,0,0
26,3,0,0,14/09/2016,"PENICILINA CLEMIZOL + BENCILPENICILINA SODICA 1,000,000UI + 1 AMP. DE DILUYENTE",,,0,0
171,3,0,0,14/09/2016,BETAMETASONA PEDIATRICA  50MG GOTAS FCO. C/60ML,,,0,0
583,3,0,0,14/09/2016,HALOPERIDOL 2MG SOL. FCO. C/15ML,,,0,0
784,3,0,0,14/09/2016,PREDNISOLONA 10MG SUSP. OFT. C/5ML,,,0,0
790,3,0,0,14/09/2016,GLIBENCLAMIDA + METFORMINA 5MG/1000MG C/40 TAB.,,,0,0
1571,8,0,0,14/09/2016,EFAVIRENZ 600MG C/30 COMP.,,,0,0
1904,3,0,0,14/09/2016,MICONAZOL 400MG C/3 OVULOS,,,0,0
2614,3,0,0,14/09/2016,MODAFINILO 200MG C/14 TAB.,,,0,0
2674,3,0,0,14/09/2016,CLORANFENICOL TUBO OFT. C/5GR,,,0,0
2730,3,0,0,14/09/2016,CICLOPIROX CREMA CUTANEA 20GR,,,0,0
2833,3,0,0,14/09/2016,FENITOINA SODICA SUSP. C/237ML,,,0,0
2855,3,0,0,14/09/2016,ESTROGENOS CONJUGADOS 0.625MG C/42 TAB.,,,0,0
2978,3,0,0,14/09/2016,ROTIGOTINA 6MG C/14 PARCHES,,,0,0
3031,3,0,0,14/09/2016,ACIDO SALICILICO + ACIDO LACTICO + SOL. 26%/15% FCO. C/15ML,,,0,0
68,5,0,0,14/09/2016,"INTERFERON BETA-1a 30MCG (6,000,000 UI) C/1 JER. PRELLENADA",,,0,0
103,3,0,0,14/09/2016,DILTIAZEM 240MG C/10 TAB.,,,0,0
119,3,0,0,14/09/2016,BETAMETASONA LOCION FCO. SUSP. C/100ML,,,0,0
260,3,0,0,14/09/2016,CLINDAMICINA 75MG/5ML FCO. GRANULADO PARA 100ML,,,0,0
1284,3,0,0,14/09/2016,LANSOPRAZOL + CLARITROMICINA + AMOXICILINA 30/500/500MG C/7 BLISTER (2/2/4 CAP.),,,0,0
2560,3,0,0,14/09/2016,TRAVOPROST + TIMOLOL .04MG/1.0ML FCO.GOTERO C/2.5ML,,,0,0
2832,3,0,0,14/09/2016,TETRACICLINA 250MG C/16 CAP.,,,0,0
2870,3,0,0,14/09/2016,BICALUTAMIDA 50MG C/28 TAB.,,,0,0
2904,3,0,0,14/09/2016,BUDESONIDA 3MG C/50 CAP.,,,0,0
2985,5,0,0,14/09/2016,DARBEPOETINA ALFA 500MCG JER. PRELLENADA,,,0,0
175,2,0,0,14/09/2016,ACIDO ASCORBICO 500MG C/100 TAB.,,,0,0
185,2,0,0,14/09/2016,COLCHICINA 1MG C/20 TAB.,,,0,0
189,3,0,0,14/09/2016,COMPLEJO B SOL. INY. FCO. C/10ML,,,0,0
293,2,0,0,14/09/2016,ONDANSETRON 8MG SOL. INY. C/3 AMP. DE 4ML,,,0,0
426,3,0,0,14/09/2016,ALFAMETILDOPA 250MG C/30 TAB.,,,0,0
726,3,0,0,14/09/2016,ACIDO ACEXAMICO 5GR/100GR UNGUENTO TUBO C/40GR,,,0,0
736,4,0,0,14/09/2016,INFLIXIMAB F.A. 100MG C/20ML,,,0,0
788,3,0,0,14/09/2016,AMISULPRIDA 400MG C/7 TAB. ,,,0,0
969,3,0,0,14/09/2016,MESALAZINA 1GR C/14 SUP.,,,0,0
1006,2,0,0,14/09/2016,DEXPANTENOL 5% TUBO GEL C/10GR,,,0,0
1034,3,0,0,14/09/2016,ATOMOXETINA 10MG C/14 CAP.,,,0,0
1091,2,0,0,14/09/2016,HIDROQUINONA SILICATO DE MAGNESIO 4% TUBO CREMA C/30GR,,,0,0
1421,2,0,0,14/09/2016,HALOPERIDOL 10MG C/20 TAB.,,,0,0
2251,3,0,0,14/09/2016,GLICERINA + POLISORBAPO 1%/80al1% SOL. OFT. C/20 ENVASES UNIDOSIS DE 0.4ML,,,0,0
2491,3,0,0,14/09/2016,FLUTICASONA 50MCG SPRAY C/120 DOSIS ,,,0,0
2810,2,0,0,14/09/2016,DANAZOL 100MG C/50 TAB.,,,0,0
2851,2,0,0,14/09/2016,DIPROPIONATO DE BETAMETASONA Y FOSFATO D 5MG/2MG JER. PRELLENADA DE 1ML,,,0,0
2960,4,0,0,14/09/2016,DICLOFENACO + CODEINA 50MG/50MG C/20 TAB.,,,0,0
2999,4,0,0,14/09/2016,SOMATROPINA 5MG PLUMA PRELLENADA C/1 DISPOSITIVO DE 1.5ML,,,0,0
253,4,0,0,14/09/2016,METILFENIDATO 18MG C/30 TAB.,,,0,0
317,2,0,0,14/09/2016,HIDROQUINONA CREMA AL 4% TUBO C/30GR,,,0,0
538,2,0,0,14/09/2016,CITRATO DE SODIO + LAURILSULFOACETATO DE SODIO SUSP. CON 4 ENEMAS EN APLICADOR DESECHABLE DE 5,,,0,0
808,2,0,0,14/09/2016,TROPICAMIDA FENILEFRINA GOTAS. OFT. C/15ML,,,0,0
971,3,0,0,14/09/2016,PIRACETAM 800MG C/30 TAB.,,,0,0
1210,2,0,0,14/09/2016,LIDOCAINA + PRILOCAINA CREMA C/30GR.,,,0,0
1660,3,0,0,14/09/2016,MOMETASONA 1% SOL. FCO. C/30ML,,,0,0
1759,2,0,0,14/09/2016,LOPINAVIR + RITONAVIR 200MG/50MG C/120 TAB.,,,0,0
1930,3,0,0,14/09/2016,RANITIDINA 40MG FCO C/30ML,,,0,0
2242,2,0,0,14/09/2016,FOSFOMICINA 500MG C/12 CAP.,,,0,0
2564,2,0,0,14/09/2016,ERITROMICINA 250MG/5ML SUSP. C/100ML,,,0,0
2597,3,0,0,14/09/2016,NAFAZOLINA 5% SOL. OFT. GOTERO FCO. C/15ML ,,,0,0
2612,3,0,0,14/09/2016,METRONIDAZOL 500MG C/10 OVULOS,,,0,0
2671,2,0,0,14/09/2016,CLEBOPRIDA JBE. FCO. C/90ML,,,0,0
2759,2,0,0,14/09/2016,5 FLUOROURACILO CREMA DE 5% TUBO C/20GR,,,0,0
2821,5,0,0,14/09/2016,LEUPRORELINA 3.75MG C/1 AMP. DE 2ML,,,0,0
2970,2,0,0,14/09/2016,MESALAZINA 500MG C/10 SUP.,,,0,0
61,2,0,0,14/09/2016,AZELASTINA SOL. OFT. 0.05% FCO. C/5ML,,,0,0
147,3,0,0,14/09/2016,CARBAMAZEPINA SUSP. 2G/100ML,,,0,0
194,2,0,0,14/09/2016,MISOPROSTOL 200MCG C/28 TAB.,,,0,0
281,2,0,0,14/09/2016,LISURIDA 0.2MG C/28 TAB.,,,0,0
379,2,0,0,14/09/2016,FLUOROMETOLONA 1% SOL. OFT. FCO. C/5ML,,,0,0
493,2,0,0,14/09/2016,CLORMADINONA 2MG C/20 TAB.,,,0,0
579,3,0,0,14/09/2016,FENOBARBITAL 100MG C/40 TAB. (II),,,0,0
592,3,0,0,14/09/2016,CLORHIDRATO DE METILFENIDATO 10MG C/30 COMP. (III),,,0,0
860,2,0,0,14/09/2016,SERENOA REPENS 160MG C/40 CAP.,,,0,0
878,2,0,0,14/09/2016,TROMANTADINA TUBO GEL C/10GR,,,0,0
1627,2,0,0,14/09/2016,HIALUNORATO DE SODIO + SULFATO DE CODROINTIN SOL. OFT.,,,0,0
2781,2,0,0,14/09/2016,AMPICILINA 250MG SUSP. C/60ML,,,0,0
2785,10,0,0,14/09/2016,BROMOCRIPTINA 2.5MG C/14 TAB.,,,0,0
2869,3,0,0,14/09/2016,FILGRASTIM 300MCG C/1 JER. PRECARGADA DE 1ML,,,0,0
2925,5,0,0,14/09/2016,FINGOLIMOD 0.5MG C/28 CAP.,,,0,0
2936,3,0,0,14/09/2016,NILOTIMIB 200MG C/28 CAP.,,,0,0
3,2,0,0,14/09/2016,ACETAZOLAMIDA 250MG C/30 TAB.,,,0,0
254,2,0,0,14/09/2016,LISINA + MONOCLORHIDRATO POTASIO + CLORURO + BICARBONATO C/50 TAB. EFER.,,,0,0
368,2,0,0,14/09/2016,NITROFURAL POMADA TUBO C/85GR,,,0,0
415,2,0,0,14/09/2016,CLORURO DE SODIO 10% SOL OFT. FCO. 10ML,,,0,0
416,2,0,0,14/09/2016,CLORURO DE SODIO 5% SOL OFT. FCO. 10ML,,,0,0
581,3,0,0,14/09/2016,CLOBAZAM 10MG C/30 TAB.,,,0,0
743,3,0,0,14/09/2016,SIROLIMUS 1MG C/60 GRAGEAS,,,0,0
843,3,0,0,14/09/2016,ESTRADIOL + TRIMEGESTONA SECUENCIAL 1MG/.250MG C/28 GRAGEAS,,,0,0
873,2,0,0,14/09/2016,PINDOLOL 5MG C/20 COMP.,,,0,0
1193,3,0,0,14/09/2016,RITUXIMAB 500MG/50ML C/1,,,0,0
1482,3,0,0,14/09/2016,CEFALEXINA 125MG/5ML SUSP.,,,0,0
1508,3,0,0,14/09/2016,DICLOFENACO SODICO 1MG SOL. OFT. FCO. C/5ML,,,0,0
1536,2,0,0,14/09/2016,LEVAMISOL 50MG C/2 TAB.,,,0,0
2626,3,0,0,14/09/2016,MEBENDAZOL SUSP. FCO. C/30ML,,,0,0
2628,2,0,0,14/09/2016,METRONIDAZOL 2.5GR SUSP. C/120ML,,,0,0
2751,1,0,0,14/09/2016,OCTREOTIDA LAR 20MG I.M. AMP.,,,0,0
2777,3,0,0,14/09/2016,DEXAMETASONA 0.5MG C/30 TAB.,,,0,0
3011,2,0,0,14/09/2016,CICLOSPORINA 0.1% GOTAS OFT. C/5ML,,,0,0
12,1,0,0,14/09/2016,POLICRESULENO 0.09 GR C/6 OVULOS,,,0,0
41,1,0,0,14/09/2016,BROMURO DE IPRATROPIO 250MCG/ML SOL. NEBUL. FCO. C/20ML,,,0,0
224,1,0,0,14/09/2016,GLATIRAMER 20MG/ML SOL. INY. C/28 JER. PRELLENADA,,,0,0
266,2,0,0,14/09/2016,TESTOSTERONA + ESTRADIOL 100MG/5MG C/1 JER. PRELLENADA,,,0,0
413,1,0,0,14/09/2016,SULFONATO SODICO DE CARBAZOCROMO + VITAMINA K JARABE FCO C/200ML,,,0,0
417,1,0,0,14/09/2016,CLORURO DE SODIO 5% UNGUENTO OFT. TUBO 5GR,,,0,0
532,1,0,0,14/09/2016,BENZOATO DE ESTRADIOL + PROGESTERONA JER. 5MG/50MG C/1ML,,,0,0
584,1,0,0,14/09/2016,HALOPERIDOL 5MG C/20 TAB.,,,0,0
732,1,0,0,14/09/2016,RIFAMPICINA + ISONIASIDA 200MG/150MG C/24 CAP.,,,0,0
998,2,0,0,14/09/2016,CLORHIDRATO DE METILFENIDATO 30MG C/30 CAP. (II),,,0,0
1906,1,0,0,14/09/2016,ESTOLATO DE ERITROMICINA 125MG SUSP. PED. C/100ML,,,0,0
2756,1,0,0,14/09/2016,HIDRALAZINA 10MG C/20 TAB.,,,0,0
2839,2,0,0,14/09/2016,VALPROATO DE MAGNESIO 200MG/1ML SUSP. FCO C/40ML,,,0,0
2892,5,0,0,14/09/2016,TOCILIZUMAB 200MG/10ML SOL. INY. C/1 AMP.,,,0,0
2972,1,0,0,14/09/2016,NITAZOXANIDA 500MG C/6 COMP.,,,0,0
123,1,0,0,14/09/2016,FLAVOXATO 200MG C/20 GRAGEAS,,,0,0
188,2,0,0,14/09/2016,LAMIVUDINA + ZIDOVUDINA 150/300MG C/60 TAB.,,,0,0
331,1,0,0,14/09/2016,GLICEROL SUP. PED. C/10,,,0,0
380,1,0,0,14/09/2016,RIFAXIMINA 100/5ML SUSP. FCO. C/60ML,,,0,0
576,2,0,0,14/09/2016,LEVODOPA + CARBIDOPA 250MG/25MG C/100 TAB.,,,0,0
757,2,0,0,14/09/2016,VIGABATRINA 500MG C/60 COMP.,,,0,0
760,1,0,0,14/09/2016,MESALAZINA 250MG C/30 SUP.,,,0,0
1035,2,0,0,14/09/2016,APOSITO HIDROCOLOIDE EXTRA DELGADO 10X10 C/10 PARCHES,,,0,0
1050,1,0,0,14/09/2016,GATIFLOXACINA FCO. GOTERO C/5ML,,,0,0
1268,2,0,0,14/09/2016,CALCITRIOL CREMA UNGUENTO TUBO 0.3MG C/30GR,,,0,0
1374,1,0,0,14/09/2016,TIMOLOL + LATANOPROST GOTAS OFT. C/2.5ML,,,0,0
1779,2,0,0,14/09/2016,METILFENIDATO 20MG C/30 CAP.,,,0,0
2007,1,0,0,14/09/2016,ORCIPRENALINA 20MG C/30 TAB.,,,0,0
2634,3,0,0,14/09/2016,MECLIZINA + PIRIDOXINA SOL. GOTAS FCO. C/10ML,,,0,0
2651,2,0,0,14/09/2016,DIMENHIDRINATO 25GR SUP. INF. C/5 SUPOSITORIOS,,,0,0
2783,1,0,0,14/09/2016,BENZONATATO 50MG C/6 SUP.,,,0,0
2813,5,0,0,14/09/2016,DESMOPRESINA 10MCG C/25 DOSIS POR FCO SPRAY,,,0,0
3018,5,0,0,14/09/2016,FORMOTEROL + BECLOMETASONA FCO. SPRAY C/120 DOSIS,,,0,0
40,1,0,0,14/09/2016,SULFATO DE ATROPINA 1% SOL. OFT. FCO. C/15ML,,,0,0
344,1,0,0,14/09/2016,MALEATO DE ERGOMETRINA 0.2MG C/20 TAB.,,,0,0
508,1,0,0,14/09/2016,BUFLOMEDIL 150MG C/30 TAB.,,,0,0
1471,1,0,0,14/09/2016,BROMAZEPAM 6MG C/30 TAB.,,,0,0
1507,1,0,0,14/09/2016,DEXTRANOMERO FCO. C/25GR,,,0,0
2975,1,0,0,14/09/2016,POLICRESULENO + CINCOCAINA 5GR/1GR/100GR UNGUENTO TUBO C/50GR,,,0,0
180,1,0,0,14/09/2016,ESTRADIOL 2MG + ACETATO D C/28 TAB.,,,0,0
312,1,0,0,14/09/2016,MIDAZOLAM 7.5 C/30 COMP. (II),,,0,0
400,1,0,0,14/09/2016,MESILATO DE ZIPRASIDONA 60MG C/28 CAP.,,,0,0
522,1,0,0,14/09/2016,CLORPROMAZINA 25MG C/50 COMP. (III),,,0,0
731,1,0,0,14/09/2016,RIFAMPICINA + ISONIAZIDA + PIRAZINAMIDA 150MG/75MG/400MG C/24 GRAGEAS,,,0,0
753,1,0,0,14/09/2016,RIFAMICINA SOL. SPRAY C/20ML,,,0,0
1076,1,0,0,14/09/2016,TALIDOMIDA 100MG C/50 TAB.,,,0,0
1250,1,0,0,14/09/2016,SUNITINIB 50MG C/28 CAP.,,,0,0
1385,3,0,0,14/09/2016,CLORHIDRATO DE VALACICLOVIR 500MG C/42 COMP.,,,0,0
1903,1,0,0,14/09/2016,ERLOTINIB 150MG C/30 TAB.,,,0,0
2180,1,0,0,14/09/2016,SERTINDOL 4MG C/10 TAB.,,,0,0
2216,1,0,0,14/09/2016,CLOMIPRAMINA 25MG C/30 GRAGEAS,,,0,0
2387,1,0,0,14/09/2016,RITONAVIR 100MG 2 FCO. C/84 CAP. ,,,0,0
2429,2,0,0,14/09/2016,VORICONAZOL 200MG C/14 TAB.,,,0,0
2438,1,0,0,14/09/2016,ETRAVIRINA 100MG FCO. C/120 TAB.,,,0,0
2906,1,0,0,14/09/2016,MELFALAN 2MG C/25 TAB.,,,0,0
2921,2,0,0,14/09/2016,DEFERASIROX 500MG C/28 COMP.,,,0,0
2934,3,0,0,14/09/2016,PALIPERIDONA 75MG C/1 JER. PRELLENADA,,,0,0
2935,1,0,0,14/09/2016,TIROTROPINA ALFA 0.9MG/ML C/2 AMP. DE 10ML,,,0,0
2984,15,0,0,14/09/2016,DARBEPOETINA ALFA 300MCG JER. PRELLENADA,,,0,0
2986,1,0,0,14/09/2016,DARUNAVIR 400MG C/60 TAB.,,,0,0
2991,1,0,0,14/09/2016,LENALIDOMIDA 10MG CAP.,,,0,0
2993,1,0,0,14/09/2016,MARAVIROC 300MG C/60 TAB.,,,0,0
3006,1,0,0,14/09/2016,TENOFOVIR 300MG C/30 TAB.,,,0,0
3024,5,0,0,14/09/2016,TOFACITINIB 5MG C/56 TAB.,,,0,0
7,1,0,0,14/09/2016,ALCOHOL POLIVINILICO 14MG/ML SOL.OFT. C/15ML,,,0,0
56,1,0,0,14/09/2016,METRONIDAZOL + DIYODOHIDROXIQUINOLEINA 2.5GR/2GR SUSP. PED. FCO. C/120ML,,,0,0
245,1,0,0,14/09/2016,CIPROFLOXACINO SUSP. 250MG/5ML,,,0,0
333,1,0,0,14/09/2016,RIFAMPICINA 300MG C/16 CAP.,,,0,0
355,1,0,0,14/09/2016,LETROZOL 2.5MG C/30 GRAGEAS,,,0,0
384,1,0,0,14/09/2016,HIERRO AMINOQUELADO 20MG/ML SOL. ORAL FCO C/15ML,,,0,0
461,1,0,0,14/09/2016,ETOFAMIDA 2GR/100MG SUSP. FCO. C/130ML,,,0,0
585,1,0,0,14/09/2016,CLORHIDRATO DE TRIHEXIFENIDILO 5MG C/50 TAB.,,,0,0
595,1,0,0,14/09/2016,CLORHIDRATO DE BUPRENORFINA 0.2MG C/10TAB. SUBLINGUAL (II),,,0,0
639,1,0,0,14/09/2016,FORMULA INFANTIL DE AISLADO NAN SOYA C/366GR,,,0,0
671,1,0,0,14/09/2016,DIPIRIDAMOL 75MG C/36 GRAGEAS,,,0,0
690,1,0,0,14/09/2016,KETOCONAZOL 2G/100ML SUSP.,,,0,0
695,1,0,0,14/09/2016,PILOCARPINA 2% SOL. OFT. FCO. C/15ML,,,0,0
745,1,0,0,14/09/2016,CICLOPENTOLATO1% SOL. OFT. FCO. C/5ML (III),,,0,0
892,1,0,0,14/09/2016,SENOSIDOS AB 200MG/100ML SOL. FCO. C/75ML,,,0,0
906,2,0,0,14/09/2016,GOSERELINA IMPLANTE CILINDRICO 3.6MG + JER. MONODOSICA,,,0,0
979,1,0,0,14/09/2016,ALFADIHIDROERGOCRIPTINA 10MG C/20 TAB.,,,0,0
983,1,0,0,14/09/2016,INDOBUFENO 200MG C/30 TAB.,,,0,0
994,1,0,0,14/09/2016,LAMIVUDINA 150MG C/60 TAB.,,,0,0
1022,1,0,0,14/09/2016,FORMULA PREMATUROS FORMULA LACTEA LATA C/400GR,,,0,0
1153,1,0,0,14/09/2016,NAPROXENO + PARACETAMOL 100MG/200MG C/5 SUP.,,,0,0
1202,1,0,0,14/09/2016,KETOROLACO 10MG C/10 TAB.,,,0,0
1410,1,0,0,14/09/2016,HIALUNORATO DE ZINC GEL C/15GR,,,0,0
1480,1,0,0,14/09/2016,CARBONATO DE CALCIO 600MG C/30 TAB.,,,0,0
1668,1,0,0,14/09/2016,DAPSONA 50MG C/50 TAB.,,,0,0
2469,1,0,0,14/09/2016,ALFARE POLVO LATA C/400GR,,,0,0
2586,1,0,0,14/09/2016,RIMANTADINA 1GR/100ML SOL. FCO. C/120ML,,,0,0
2599,1,0,0,14/09/2016,CLORPROMAZINA 100MG C/20 COMP. (lll),,,0,0
2701,1,0,0,14/09/2016,ETAMBUTOL 400MG C/50 TAB.,,,0,0
2766,1,0,0,14/09/2016,ACETONIDO DE FLUOCINOLONA + CLIOQUINOL TUBO CREMA C/30GR,,,0,0
2800,1,0,0,14/09/2016,LEVOCETIRIZINA 5MG C/10 TAB.,,,0,0
2828,1,0,0,14/09/2016,DOXICICLINA 50MG C/28 CAP.,,,0,0
2867,1,0,0,14/09/2016,"RETINOL (VITAMINA A) 50,000UI C/40 CAP.",,,0,0
2940,1,0,0,14/09/2016,ROFLUMILAST 500MCG C/30 TAB.,,,0,0
2941,1,0,0,14/09/2016,ACIDO TRANSRETINOICO 10MG C/100 CAP.,,,0,0
2962,1,0,0,14/09/2016,DROPROPIZINA 20MG C/8 SUP.,,,0,0
2966,1,0,0,14/09/2016,GALANTAMINA ER 16MG C/14 CAP.,,,0,0
2974,1,0,0,14/09/2016,PIRIMETAMINA 25MG C/30 TAB.,,,0,0
