,,,,,,,,,,,
,,,,,,,,,,,
,,,,,,,,,,,
,,,,,,,,,,,
,,,,,,,,,,,
SERVICIOS MEDICOS DE EMERGENCIAS ,,,,,,,,,,,
SME-010110-DB7,,,,,,,,,,,
,,,,,,,,,,,
,,,,,,FECHA:,,,,,
,,,,,,29-abr-16,,,,,
,,,,,,ELABORADO POR:,,,,,
,,,,,,Ricardo Rodriguez Rdz,,,,,
,,,,,,,,,,,
,,,,,,,,,,,
STOCK ID,CANTIDAD,PRECIO,IMPUESTO,FECHA,DESCRIPCION AGRUPADOR,ID AGRUPADOR,,,,,
,2582,0,0,0,OMEPRAZOL 20MG C/14 CAP.,657,,,,,
,1776,0,0,0,INSULINA GLARGINA JER. DESECHABLE PRECARGADA (300 UI/ml) C/3ML,2919,,,,,
,1382,0,0,0,PANTOPRAZOL 40MG C/14 GRAGEAS,1479,,,,,
,1296,0,0,0,TRAMADOL + PARACETAMOL 37.5/325MG C/20 TAB.,836,,,,,
,1266,0,0,0,ATORVASTATINA 10MG C/20 TAB.,2762,,,,,
,1257,0,0,0, DIOSMINA + HESPERIDINA 500MG C/20 TAB.,2485,,,,,
,1257,0,0,0,ATORVASTATINA 20MG C/10 TAB.,2761,,,,,
,1196,0,0,0,ACIDO ACETILSALICILICO 100MG C/30 TAB.,2769,,,,,
,951,0,0,0,PARACETAMOL 1GR C/20 TAB.,810,,,,,
,925,0,0,0,DICLOFENACO 1.160% GEL C/60GR,371,,,,,
,836,0,0,0,KETOROLACO TROMETAMINA 10MG C/10 TAB.,2692,,,,,
,816,0,0,0,PIOGLITAZONA 30MG C/7 TAB.,914,,,,,
,786,0,0,0,PARACETAMOL 500MG C/10 TAB.,712,,,,,
,735,0,0,0,EZETIMIBA + SIMVASTATINA 10MG/20MG C/28 COMP.,910,,,,,
,683,0,0,0,AMLODIPINO 5MG C/10 TAB.,2593,,,,,
,681,0,0,0,CARBONATO DE CALCIO + VITAMINA D3 600MG C/60 TAB.,2786,,,,,
,674,0,0,0,VALSARTAN + AMLODIPINO 160/5MG C/28 TAB.,1924,,,,,
,673,0,0,0,PREGABALINA 75MG C/28 CAP.,512,,,,,
,648,0,0,0,BROMURO PINAVERIO/DIMETICONA 100/300MG C/16 CAP.,1304,,,,,
,646,0,0,0,DIACERINA + MELOXICAM 50MG/15MG C/20 CAP.,1341,,,,,
,638,0,0,0,"SULFATO DE GLUCOSAMINA + SULFATO DE CONDROITIN 1,500MGS/1,200MGS C/15 SOBRES",2576,,,,,
,608,0,0,0,SITAGLIPTINA + METFORMINA 50/850MG C/56 COMP.,1368,,,,,
,599,0,0,0,SENOSIDOS A-B 374MG C/30 TAB.,789,,,,,
,597,0,0,0,IBUPROFENO + PARACETAMOL 325MG C/20 TAB.,2608,,,,,
,591,0,0,0,DEXLANSOPRAZOL 30MG C/14 CAP.,2953,,,,,
,582,0,0,0,METFORMINA 850MG C/30 TAB.,1897,,,,,
,576,0,0,0,CARBOXIMETILCELULOSA SODICA 0.5% SOL. OFT. GOTAS C/15ML,754,,,,,
,574,0,0,0,ETORICOXIB 90MG C/14 COMP.,965,,,,,
,536,0,0,0,AGUA DE MAR HIPERTONICA ESTERIL 125ML DOSIFICADOR INTERCAMBIABLE AD. Y NINO FCO. C/90 DISP. Y 1,2552,,,,,
,535,0,0,0,LORATADINA + AMBROXOL 5MG/30MG/5ML JBE. C/120ML,376,,,,,
,525,0,0,0,KETOROLACO + TRAMADOL 10MG/25MG C/10 CAP.,2796,,,,,
,509,0,0,0,DEXTROMETORFANO + GUAIFENESINA JARABE INFANTIL C/120ML,1886,,,,,
,507,0,0,0,NAPROXENO SODICO + PARACETAMOL 275MG/300MG C/10 TAB.,2647,,,,,
,489,0,0,0,AMOXICILINA + ACIDO CLAVULANICO 875MG/125MG C/10 TAB.,1452,,,,,
,478,0,0,0,CEFALEXINA 500MG C/20 CAP.,169,,,,,
,454,0,0,0,LEVOTIROXINA SODICA 100MCG C/50 TAB.,502,,,,,
,446,0,0,0,PARACETAMOL 750MG C/10 TAB.,2582,,,,,
,426,0,0,0,MELOXICAM 7.5MG C/14 TAB.,2623,,,,,
,419,0,0,0,CIPROFLOXACINO 500MG C/12 COMP.,2885,,,,,
,417,0,0,0,ATORVASTATINA 40MG C/10 TAB.,2763,,,,,
,416,0,0,0,ESPORAS DE BACILLUS CLAUSII 2 BILLONES UFC C/20 AMP.,1126,,,,,
,415,0,0,0,LORATADINA + BETAMETASONA 5.0MG/0.25MG C/10 TAB.,1440,,,,,
,410,0,0,0,METFORMINA 500MG C/30 TAB.,310,,,,,
,389,0,0,0,IBUPROFENO 2GR/100ML SUSP. 120ML,55,,,,,
,382,0,0,0,SITAGLIPTINA 100MG C/14 COMP.,456,,,,,
,382,0,0,0,FENOFIBRATO 160MG C/30 CAP.,1190,,,,,
,380,0,0,0,SERTRALINA 50MG C/14 TAB. RANURADAS,1497,,,,,
,378,0,0,0,FLUCONAZOL 150MG C/1 CAP.,373,,,,,
,377,0,0,0,VILDAGLIPTINA + METFORMINA 50MG/850MG C/60 COMP.,2924,,,,,
,376,0,0,0,AMANTADINA + CLORFENAMINA + PARACETAMOL 50MG/3MG/300MG C/15 TAB.,2664,,,,,
,375,0,0,0,MELOXICAN + METOCARBAMOL 15MG/215MG C/10 CAP.,2801,,,,,
,371,0,0,0,TIAMINA + PIRIDOXINA + CIANOCOBALAMINA 100MG/5MG/50MCG C/30 TAB.,2797,,,,,
,367,0,0,0,VITAMINAS + MINERALES PRENATALES C/30 TAB.,1678,,,,,
,366,0,0,0,BEZAFIBRATO 400MG C/10 TAB.,1858,,,,,
,364,0,0,0,DICLOFENACO SODICO 100MG LIB. PROL. C/20 GRAGEAS,292,,,,,
,356,0,0,0,DICLOFENACO SODICO + B1 + B6 +B12 50MG/50MG/50MG/0.25MG C/30 GRAGEAS,377,,,,,
,349,0,0,0,MAGALDRATO + DIMETICONA 8GR/1GR C/250ML,2591,,,,,
,347,0,0,0,LORATADINA 10MG C/20 GRAGEAS,496,,,,,
,344,0,0,0,"PENICILINA PROCAINICA + BENCILPENICILINA 800,000UI + 1 AMP. DILUYENTE C/2ML",687,,,,,
,343,0,0,0,METFORMINA 750MG LIB. PROL. C/30 TAB.,2711,,,,,
,340,0,0,0,ACIDO FOLICO 5MG C/50 TAB.,52,,,,,
,337,0,0,0,DIMETICONA + PANCREATINA + EXTRACTO SECO BILIS DE BUEY CELULOSA DEL ASPERGILLUS NIGER CON CAPA E C/50 GRAGEAS,327,,,,,
,331,0,0,0,ALOPURINOL 300MG C/20 TAB.,54,,,,,
,328,0,0,0,DIACEREINA 50MG C/30 CAP.,226,,,,,
,328,0,0,0,LOSARTAN 50MG C/30 TAB.,2602,,,,,
,327,0,0,0,VALSARTAN + HIDROCLORTIAZIDA 160MG/25MG C/30 GRAGEAS,233,,,,,
,327,0,0,0,EXTRACTO DE CASTANA DE LA INDIA C/30 GRAGEAS,867,,,,,
,326,0,0,0,SULFATO DE HIDROXICLOROQUINA 200MG C/20 TAB.,675,,,,,
,325,0,0,0,MOMETASONA 0.05% SPRAY NASAL PED. C/10ML Y 60 NEBUL.,735,,,,,
,324,0,0,0,ACEITE DE ALMENDRAS-UREA-VIT.B5 TUBO CREMA C/125GR,1550,,,,,
,321,0,0,0,VALSARTAN 160MG C/30 GRAGEAS,1767,,,,,
,314,0,0,0,CIPROFLOXACINO 250MG C/12 TAB,924,,,,,
,314,0,0,0,CITRATO DE CALCIO + VITAMINA D3 315MG C/60 TAB.,1361,,,,,
,309,0,0,0,LEVOTIROXINA SODICA 50MCG C/50 TAB.,937,,,,,
,309,0,0,0,LEVOTIROXINA SODICA 75MCG C/50 TAB.,938,,,,,
,307,0,0,0,DESLORATADINA 5MG C/30 TAB.,45,,,,,
,307,0,0,0,METACARBAMOL + PARACETAMOL 400/350MG C/30 TAB.,201,,,,,
,302,0,0,0,DICLOFENACO POTASICO 0.18MG/100 SUSP. FCO C/120ML,2807,,,,,
,300,0,0,0,AMBROXOL SOL. ORAL FCO. C/120ML,22,,,,,
,299,0,0,0,ENALAPRIL 10MG C/30 TAB.,2679,,,,,
,292,0,0,0,CLORHIDRATO DE PAROXETINA 20MG C/10 TAB.,1877,,,,,
,291,0,0,0,IBUPROFENO 200MG C/10 TAB.,2802,,,,,
,289,0,0,0,CINITAPRIDA 1MG C/25 COMP.,2788,,,,,
,281,0,0,0,BROMURO DE PINAVERIO 100MG C/14 TAB.,294,,,,,
,275,0,0,0,NUTRICION COMPLETA Y BALANCEADA CON FRUCTOOLISACARIDOS CUALQUIER SABOR LATA EN POLVO C/400GR,2557,,,,,
,271,0,0,0,BROMURO DE BUTILHIOSCINA 10MG C/10 TAB.,131,,,,,
,270,0,0,0,PSYLLIUM PLANTAGO C/400GR,674,,,,,
,270,0,0,0,DEFLAZACORT 6MG C/20 TAB.,2811,,,,,
,266,0,0,0,BROMURO DE BUTILHIOSCINA + METAMIZOL 10MG/250MG C/10 GRAGEAS,2587,,,,,
,266,0,0,0,LORATADINA + FENILEFRINA SOL. INF. C/60ML,2618,,,,,
,264,0,0,0,DAPAGLIFOZINA 10MG C/14 TAB.,2952,,,,,
,261,0,0,0,AZITROMICINA 500MG C/3 TAB.,1854,,,,,
,252,0,0,0,TELMISARTAN + HIDROCLOROTIAZIDA 80MG/12.5MG C/28 TAB.,561,,,,,
,252,0,0,0,INDOMETACINA + METOCARBAMOL + BETAMETASONA 25/215/75MG C/20 TAB.,2660,,,,,
,247,0,0,0,KETOROLACO 30MG SUBLINGUAL C/4 TAB.,1431,,,,,
,245,0,0,0,AMOXICILINA 500MG C/12 CAP.,98,,,,,
,241,0,0,0,TAMSULOSINA 0.4MG C/20 CAP.,2603,,,,,
,240,0,0,0,ESCITALOPRAM 10MG C/28 TAB.,497,,,,,
,235,0,0,0,POLIVITAMINAS CON MINERALES C/30 CAP.,886,,,,,
,231,0,0,0,ETINILESTRADIOL + DROSPIRENONA 0.03MG/3.0MG C/21 GRAGEAS,899,,,,,
,227,0,0,0,ETORICOXIB 120MG C/7 COMP.,941,,,,,
,226,0,0,0,LORATADINA + FENILEFRINA 5/30MG C/10 GRAGEAS,2845,,,,,
,222,0,0,0,METFORMINA + VILDAGLIPTINA 50MG/500MG C/30 COMP. RECUBIERTOS,1968,,,,,
,220,0,0,0,AMOXICILINA + ACIDO CLAVULANICO 600MG SUSP. C/50ML,1003,,,,,
,217,0,0,0,MICONAZOL 2% TUBO CREMA C/20GR,534,,,,,
,214,0,0,0,DICLOFENACO POTASICO 15MG SUSP. GOTAS C/20ML,2611,,,,,
,213,0,0,0,PARACETAMOL JARABE FCO. C/120ML,2691,,,,,
,212,0,0,0,GLIMEPERIDINA + METFORMINA 1000MG/4MG C/16 TAB.,1868,,,,,
,212,0,0,0,SAXAGLIPITINA + METFORMINA 2.5MG/1000MG C/28 TAB.,2926,,,,,
,211,0,0,0,KETOCONAZOL TUBO CREMA C/30GR,472,,,,,
,211,0,0,0,PARGEVERINA + CLONIXINATO DE LISINA 10MG/125MG C/20  COMP.,694,,,,,
,210,0,0,0,TIAMINA + PIRIDOXINA + DEXAMETASONA + CIANOCOBALAMINA + LIDOCAINA NO.1 - 3 Y NO. - 3 C/JGA AMP.,2809,,,,,
,207,0,0,0,LEVOTIROXINA SODICA 25MCG C/50 TAB.,343,,,,,
,207,0,0,0,LOSARTAN + HIDROCLOROTIAZIDA 50MG/12.5MG C/30 COMP.,2620,,,,,
,203,0,0,0,GLIMEPIRIDA 4MG C/30 TAB.,1420,,,,,
,200,0,0,0,LAMOTRIGINA 50MG /28 TAB.,1774,,,,,
,199,0,0,0,LOPERAMIDA 2MG C/12 TAB.,515,,,,,
,199,0,0,0,BETAMETASONA + CLOTRIMAZOL + GENTAMICINA TUBO CREMA C/25GR,2568,,,,,
,193,0,0,0,POLIETILENGLICOL FCO. POLVO C/255GR,256,,,,,
,192,0,0,0,RANITIDINA 150MG C/20 TAB.,2630,,,,,
,191,0,0,0,LEVETIRACETAM 500MG C/30 TAB.,469,,,,,
,190,0,0,0,FLUOXETINA 20MG C/14 CAP.,2570,,,,,
,189,0,0,0,KETOPROFENO 100MG C/15 CAP.,463,,,,,
,189,0,0,0,VITAMINAS PRENATALES C/28 CAP.,1754,,,,,
,186,0,0,0,PREDNISONA 5MG C/20 TAB.,1490,,,,,
,185,0,0,0,CLORHIDRATO DE BENCIDAMINA TUBO CREMA C/60GR,57,,,,,
,185,0,0,0,BETAMETASONA + FOSFATO SODICO 2.71/3MG C/1 JER. PRELLENADA,208,,,,,
,185,0,0,0,AMBROXOL 30MG C/20 COMP.,1450,,,,,
,182,0,0,0,MONTELUKAST SODICO 10MG C/20 COMP.,778,,,,,
,180,0,0,0,LACTOBACILLUS CASEI VARIEDAD RHAMNOSUS 250MG C/12 CAP.,510,,,,,
,180,0,0,0,TELMISARTAN 40MG C/28 TAB.,968,,,,,
,179,0,0,0,BRIMONIDINA + TIMOLOL 0.2%/0.5% SOL. OFT. FCO. C/5ML,225,,,,,
,177,0,0,0,DEXTROMETORFANO 15MG/5ML JARABE FCO. C/60ML,269,,,,,
,177,0,0,0,INSULINA LISPRO + PROTAMINA 2X3ML C/300 UNIDADES,420,,,,,
,176,0,0,0,CITRATO DE SILDENAFIL 50MG C/4 TAB.,2790,,,,,
,175,0,0,0,BISOPROLOL 2.5MG C/30 GRAGEAS,206,,,,,
,175,0,0,0,METFORMINA 1GR C/30 TAB.,2872,,,,,
,174,0,0,0,DIFENHIDRAMINA + GUAIFENESINA 28MG JARABE FCO C/150ML,114,,,,,
,173,0,0,0,HIDROXIPROPILMETILCELULOSA + DEXTRAN SOL OFT. GOTAS FCO C/15ML,613,,,,,
,170,0,0,0,CLORHIDRATO DE TRAMADOL 50MG C/10 CAP.,976,,,,,
,170,0,0,0,LACTULOSA 66.66GR JARABE FCO. C/125ML,1881,,,,,
,170,0,0,0,METOPROLOL 100MG C/20 TAB.,2627,,,,,
,168,0,0,0,DICLOFENACO POTASICO 25MG C/20 GRAGEAS,165,,,,,
,168,0,0,0,BISOPROLOL 1.25MG C/30 GRAGEAS,252,,,,,
,168,0,0,0,LEVOFLOXACINO 500MG C/7 TAB.,2621,,,,,
,167,0,0,0,RANITIDINA 300MG C/10 COMP.,2663,,,,,
,166,0,0,0,HIDROCLOROTIAZIDA 25MG C/20 TAB.,81,,,,,
,166,0,0,0,PARACETAMOL ORAL GOTAS C/15ML,2648,,,,,
,164,0,0,0,FEXOFENADINA 6MG/ML SUSP. FCO. C/150ML,2553,,,,,
,163,0,0,0,ACIDO URSODESOXICOLICO 250MG C/50 CAP.,861,,,,,
,160,0,0,0,TRIMETOPRIMA + SULFAMETOXAZOL 160MG/800MG C/14 TAB.,1920,,,,,
,160,0,0,0,ALENDRONATO SODICO 70MG C/4 TAB.,1945,,,,,
,160,0,0,0,BENZONATATO 100MG C/20 PERLAS,2880,,,,,
,160,0,0,0,CICLESONIDA 50MCG SPRAY NASAL C/120 DOSIS,3009,,,,,
,158,0,0,0,DIMETICONA + GUAIAZULENE C/14 SOBRES,2689,,,,,
,157,0,0,0,NIMESULIDE 100MG C/10 TAB.,628,,,,,
,157,0,0,0,ALUMINIO + MAGNESIO + DIMETICONA SUSP. FCO. C/360ML (MENTA),700,,,,,
,157,0,0,0,AMOXICILINA + ACIDO CLAVULANICO 500MG/125MG C/10 TAB.,1454,,,,,
,157,0,0,0,NORELGESTROMINA + ETINILESTRADIOL C/3 PARCHES TRASDERMICO,1922,,,,,
,154,0,0,0,5-MONONITRATO DE ISOSORBIDA 60MG C/20 TAB.,446,,,,,
,153,0,0,0,ESTROGENOS CONJUGADOS DE ORIGEN EQUINO TUBO C/43GR,679,,,,,
,153,0,0,0,MEDIAS ELASTICAS MED. COMP DEBAJO DE LA RODILLAS MATERIAL DE CURACION (MEDIANA),1893,,,,,
,153,0,0,0,CLONAZEPAM 2MG C/30 COMP. (II),2410,,,,,
,153,0,0,0,TELMISARTAN 80MG C/ 28 TAB.,2575,,,,,
,153,0,0,0,FEXOFENADINA + FENILEFRINA 60MG/25MG C/10 TAB.,2579,,,,,
,151,0,0,0,MECLIZINA + PIRIDOXINA 25MG/50MG C/25 TAB.,2635,,,,,
,150,0,0,0,DESLORATADINA 50MG JARABE FCO C/120ML,69,,,,,
,149,0,0,0,CETIRIZINA 10MG C/10 TAB.,884,,,,,
,148,0,0,0,CLINDAMICINA 300MG C/16 CAP.,2680,,,,,
,147,0,0,0,NEOMICINA + CAOLIN + PECTINA 129MG/280MG C/20 TAB.,459,,,,,
,146,0,0,0,FOSFATO SODICO DE DEXAMETASONA 4MG/ML C/1 AMP. DE 2ML,2853,,,,,
,145,0,0,0,TRIAMCINOLONA 56.10MG SUSP. FCO C/16.5ML,610,,,,,
,144,0,0,0,DICLOXACILINA 500MG C/20 CAP.,1510,,,,,
,142,0,0,0,TRIMEBUTINA 200MG C/40 TAB.,330,,,,,
,142,0,0,0,CLORHIDRATO DE TRAMADOL 100MG C/10 TAB.,855,,,,,
,140,0,0,0,ALENDRONATO SODICO TRIHIDRATADO + VITAMINA D3 70MG/2800UI C/4 COMP.,1436,,,,,
,138,0,0,0,BROMURO DE TIOTROPIO 18MCG C/20 CAP.,777,,,,,
,138,0,0,0,GABAPENTINA 300MG C/30 CAP.,2643,,,,,
,137,0,0,0,CARBAMAZEPINA 400MG C/20 GRAGEAS,815,,,,,
,136,0,0,0,POLIMIXINA B + NEOMICINA + LIDOCAINA SOL. ORAL FCO. SPRAY C/20ML,21,,,,,
,136,0,0,0,METOTREXATO 50/2ML SOL. INY. C/1 AMP.,847,,,,,
,135,0,0,0,INSULINA LISPRO C/1000 UNIDADES,419,,,,,
,135,0,0,0,NIFEDIPINO 30MG LIB. PROL. C/30 TAB.,2682,,,,,
,133,0,0,0,VITAMINAS + HIERRO C/36 TAB.,111,,,,,
,133,0,0,0,CLOPIDOGREL 75MG C/28 TAB.,692,,,,,
,133,0,0,0,TERBINAFINA 250MG C/28 TAB.,2847,,,,,
,132,0,0,0,CLORURO DE SODIO Y GLICEROL 30ML ADTO. SOL. FCO C/30ML,2754,,,,,
,131,0,0,0,AMANTADINA + CLORFENAMINA + PARACETAMOL SOL. PED. GOTAS C/30ML,31,,,,,
,131,0,0,0,EBASTINA 20MG C/30 OBLEAS,1053,,,,,
,131,0,0,0,FEXOFENADINA 180MG C/10 COMP.,2844,,,,,
,130,0,0,0,AMANTADINA + CLORFENAMINA + PARACETAMOL FCO. C/60ML,30,,,,,
,130,0,0,0,NAPROXENO 500MG C/12 TAB.,627,,,,,
,130,0,0,0,AMIKACINA 500MG C/1X2ML AMP.,2604,,,,,
,129,0,0,0,TRIAZOLAM 0.250MG C/30 TAB.,582,,,,,
,129,0,0,0,HEMITARTRATO DE ZOLPIDEM 10MG C/30 TAB. (III),632,,,,,
,129,0,0,0,DIFENIDOL 25MG C/30 TAB.,2659,,,,,
,126,0,0,0,RAMIPRIL 2.5MG C/16 TAB.,1928,,,,,
,126,0,0,0,TRINITRATO DE GLICERILO 18MG x PARCHE (5MG/24 Hrs C/7),2143,,,,,
,125,0,0,0,ESPIRONOLACTONA + FUROSEMIDA 50MG/20MG C/16 CAP.,483,,,,,
,122,0,0,0,IVERMECTINA 6MG C/2 TAB.,442,,,,,
,121,0,0,0,POLIETILENGLICOL+ PROPILENGLICOL GOTAS OFT. FCO. C/15ML,996,,,,,
,121,0,0,0,HIERRO ACIDO FOLICO C/30 GRAGEAS,2823,,,,,
,120,0,0,0,PROPAFENONA 150MG C/30 TAB.,626,,,,,
,119,0,0,0,FEXOFENADINA 120MG C/10 COMP.,93,,,,,
,118,0,0,0,LEVOFLOXACINO 750MG C/7 TAB.,2737,,,,,
,117,0,0,0,CAPTOPRIL 25MG C/30 TAB.,2569,,,,,
,116,0,0,0,MUPIROCINA UNGUENTO 2% TUBO C/15GR,2657,,,,,
,116,0,0,0,SALBUTAMOL 100MCG SPRAY C/ 200 DOSIS,2696,,,,,
,116,0,0,0,ALMOTRIPTAN 12.5MG C/2 COMP.,2942,,,,,
,115,0,0,0,TRIMEBUTINA 2GR/100ML SUSP. JUNIOR FCO C/100ML,218,,,,,
,115,0,0,0,HIDROCORTISONA CREMA C/30GR,1523,,,,,
,114,0,0,0,ALPRAZOLAM 0.25MG C/30 TAB. (II),2778,,,,,
,113,0,0,0,CLOTRIMAZOL 20GR CREMA C/3 APLICADORES,334,,,,,
,112,0,0,0,MECLIZINA + PIRIDOXINA JARABE FCO. C/120ML,124,,,,,
,112,0,0,0,DEXKETOPROFENO TROMETAMOL 25MG C/10 TAB.,1241,,,,,
,112,0,0,0,BRIMONIDINA + TIMOLOL + DORSOLAMINA 20/5/2ML SOL. OFT. C/5ML,1546,,,,,
,112,0,0,0,SAXAGLIPITINA + METFORMINA 5MG/1000MG C/28 TAB.,2929,,,,,
,111,0,0,0,"INSULINA BASAL ANALOGA DETEMIR 1,500UI C/PLUMAS JER. PRELLENADA",2967,,,,,
,110,0,0,0,IPRATROPIO + SALBUTAMOL MONODOSIS 0.5MG/2.5MG NEBUL. C/10 AMP.,187,,,,,
,110,0,0,0,ORFENADRINA + PARACETAMOL 35MG/450MG C/50 TAB.,620,,,,,
,110,0,0,0,ACIDO TIOCTICO 600MG C/30 TAB.,848,,,,,
,108,0,0,0,OXCARBAZEPINA 300MG C/20 GRAGEAS,833,,,,,
,108,0,0,0,ENALAPRIL 5MG C/30 TAB.,1513,,,,,
,108,0,0,0,CLARITROMICINA + AMBROXOL 500MG/45MG C/10 TAB.,2731,,,,,
,108,0,0,0,PRASUGREL 10MG C/14 TAB.,2900,,,,,
,106,0,0,0,GABAPENTINA 400MG C/15 CAP.,148,,,,,
,106,0,0,0,SALMETEROL + FLUTICASONA 25MCG/50MCG 12GR FCO. C/120 DOSIS,786,,,,,
,105,0,0,0,ACETONIDO DE FLUOCINOLONA + NISTATINA + METRONIDAZOL C/10 OVULOS,53,,,,,
,105,0,0,0,ERGOTAMINA + ACIDO ACETILSALICILICO + CAFEINA 1MG/400MG/50MG C/36 TAB. (II),773,,,,,
,105,0,0,0,NEOMICINA + POLIMIXINA B + BACITRACINA UNGUENTO DERMICO TUBO C/30GR,2592,,,,,
,104,0,0,0,TRIBENOSIDO + LIDOCAINA TUBO C/30GR,680,,,,,
,104,0,0,0,ACIDO TIAPROFENICO 300MG C/30 COMP.,772,,,,,
,104,0,0,0,CEFIXIMA 100MG/5ML SUSP. ORAL C/100ML,1135,,,,,
,103,0,0,0,CLONIXINATO DE LISINA 250MG C/10 TAB.,1499,,,,,
,102,0,0,0,DOXICICLINA 100MG C/10 CAP.,283,,,,,
,102,0,0,0,RALOXIFENO 60MG C/28 TAB.,324,,,,,
,101,0,0,0,AMBROXOL GOTAS FCO. C/30ML,23,,,,,
,99,0,0,0,ACIDO NALIDIXICO + FENAZOPIRIDINA 500MG/50MG C/20 TAB.,2775,,,,,
,98,0,0,0,CLONAZEPAM 2.5MG/1ML GOTAS 10ML (II),468,,,,,
,98,0,0,0,TROXERUTINA + CUMARINA 180MG/30MG C/30 GRAGEAS,1075,,,,,
,97,0,0,0,INSULINA HUMANA NPH CARTUCHO 100UI C/2X3ML,421,,,,,
,96,0,0,0,ITRACONAZOL 100MG C/15 CAP.,443,,,,,
,94,0,0,0,CABERGOLINA 0.5MG C/2 TAB.,282,,,,,
,94,0,0,0,METRONIDAZOL + MICONAZOL 750MG/200MG C/7 OVULOS VAGINALES,1263,,,,,
,94,0,0,0,KETOROLACO + TRAMADOL 10MG/25MG SUBLINGUAL C/4 TAB.,2656,,,,,
,93,0,0,0,METOTREXATO 2.5MG C/50 TAB.,2504,,,,,
,93,0,0,0,TOPIRAMATO 25MG C/28 TAB.,2578,,,,,
,92,0,0,0,CICLOPIROX 8% SOL. C/3ML,1377,,,,,
,91,0,0,0,"BENCILPENICILINA BENZATANICA 1,200,000UI SOL. INY.",128,,,,,
,90,0,0,0,OXIMETAZOLINA + ALCOHOL POLIVINILICO 0.25MG SOL. OFT. FCO. C/10ML,659,,,,,
,89,0,0,0,CLORTALIDONA 50MG C/20 TAB.,182,,,,,
,89,0,0,0,FINASTERIDE 5MG C/30 GRAGEAS,2694,,,,,
,88,0,0,0,NITROFURANTOINA 100MG C/40 CAP.,546,,,,,
,88,0,0,0,BETAMETASONA TUBO C/30GR,2784,,,,,
,87,0,0,0,PLANTAGO OVATA + SENNA ANGUSTIFOLIA 2.71 GR/0.62 GR FCO. GRANULADO C/100GR,11,,,,,
,87,0,0,0,SULFASALAZINA 500MG C/60 GRAGEAS,47,,,,,
,87,0,0,0,NEOMICINA + POLIMIXINA B + DEXAMETASONA UNGUENTO OFTALMICO TUBO C/3.5GR,526,,,,,
,87,0,0,0,TIAMINA + PIRIDOXINA + CIANOCOBALAMINA Y DICLOFENACO SODICO NO.1 - 3 Y NO. - 3 C/JGA AMP.,2803,,,,,
,87,0,0,0,BETAHISTINA 24MG C/30 TAB.,2931,,,,,
,86,0,0,0,EZETIMIBA 10MG C/28 TAB.,909,,,,,
,86,0,0,0,CLOTRIMAZOL 10MG TUBO CREMA C/20GR,1505,,,,,
,85,0,0,0,CLORHIDRATO DE ALFUZOSINA 10MG LIB. PROL. C/28 TAB.,893,,,,,
,84,0,0,0,ACETONIDO DE FLUOCINOLONA + POLIMIXINA B + NEOMICINA + LIDOCAINA SOL. OTICAS FCO. C/15ML,775,,,,,
,84,0,0,0,TIZANIDINA 2MG C/20 TAB.,787,,,,,
,84,0,0,0,CIPROFLOXACINO + HIDROCORTISONA + LIDOCAINA SOL. OTICA GOTAS,2789,,,,,
,83,0,0,0,FUROSEMIDA 40MG C/20 TAB.,369,,,,,
,83,0,0,0,MESALAZINA 500MG C/40 GRAGEAS,1533,,,,,
,82,0,0,0,PRAZOSINA 1MG C/30 COMP.,539,,,,,
,82,0,0,0,BIFONAZOL TUBO CREMA C/20GR,1271,,,,,
,82,0,0,0,MONTELUKAST 4MG C/10 SOBRES,1641,,,,,
,81,0,0,0,CLORHIDRATO DE IMIPRAMINA 25MG C/20 TAB.,2367,,,,,
,81,0,0,0,ATENOLOL 50MG C/28 TAB.,2782,,,,,
,81,0,0,0,L-TARTRATO DE TOLTERODINA 2MG C/28 TAB.,2863,,,,,
,80,0,0,0,TIAMAZOL 5MG C/20 TAB.,1098,,,,,
,79,0,0,0,IPRATROPIO + SALBUTAMOL 20MCG/100MCG SUSP. AEROSOL FCO. C/120 DOSIS,186,,,,,
,79,0,0,0,LEVOTIROXINA SODICA + LIOTIRONINA 100MCG/20MCG C/50 TAB.,622,,,,,
,79,0,0,0,DESOGESTREL 0.075MG C/28 TAB.,2225,,,,,
,79,0,0,0,DILTIAZEM 30MG C/30 COMPS.,2857,,,,,
,79,0,0,0,CLEBOPRIDA + SIMETICONA C/45 CAP.,2950,,,,,
,78,0,0,0,BUDESONIDA 0.125MG/ML NEBUL. C/5 AMP. SOBRE 2ML,1008,,,,,
,78,0,0,0,BISOPROLOL 5MG C/30 GRAGEAS,1160,,,,,
,77,0,0,0,LEFLUNOMIDA 20MG C/30 COMP.,34,,,,,
,77,0,0,0,TOPIRAMATO 100MG C/20 TAB.,2837,,,,,
,76,0,0,0,HIDROXICINA 10MG C/30 TAB.,102,,,,,
,76,0,0,0,MONTELUKAST SODICO 5MG C/20 COMP.,779,,,,,
,76,0,0,0,DEXTROMETORFANO + GUAIFENESINA + FENILEF PED. C/30ML,2815,,,,,
,76,0,0,0,FENITOINA SODICA 100MG C/50 CAP.,2834,,,,,
,74,0,0,0,OXIBUTININA 5MG C/30 TAB.,615,,,,,
,73,0,0,0,RISPERIDONA 1MG C/20 TAB.,1024,,,,,
,73,0,0,0,DIMETICONA PANCREATINA 170MG/80MG C/30 GRAGEAS,1094,,,,,
,73,0,0,0,FURAZOLIDONA + CAOLIN Y PECTINA SUSP. C/120ML,2835,,,,,
,72,0,0,0,MOXIFLOXACINO 400MG C/7 TAB.,86,,,,,
,72,0,0,0,CEFALEXINA 250MG/5ML SUSP.,1483,,,,,
,72,0,0,0,ITOPRIDA 50MG C/30 TAB.,2747,,,,,
,71,0,0,0,NEOMICINA + POLIMIXINA B + DEXAMETASONA SUSP. OFT. FCO. C/5ML,527,,,,,
,71,0,0,0,LORAZEPAM 2MG C/40 TAB. (II),575,,,,,
,71,0,0,0,HIDROXIPROPILMETILCELULOSA + DEXTRAN UNGUENTO TUBO C/3.5GR,612,,,,,
,71,0,0,0,ACIDO IBANDRONICO 150MG C/1 COMP.,1154,,,,,
,71,0,0,0,CLORHIDRATO DE AMIODARONA 200MG C/20 TAB.,2795,,,,,
,70,0,0,0,VENLAFAXINA 75MG C/20 CAP.,602,,,,,
,69,0,0,0,OXIDO DE ZINC TUBO CREMA C/30GR,665,,,,,
,69,0,0,0,AZITROMICINA 600MG FCO. SUSP. C/15ML,1855,,,,,
,68,0,0,0,FLUCONAZOL 100MG C/10 CAP.,361,,,,,
,68,0,0,0,PROGESTERONA 100MG C/30 PERLAS,1492,,,,,
,68,0,0,0,RIVAROXABAN 10MG C/10 COMP. RECUBIERTOS,2915,,,,,
,67,0,0,0,ACICLOVIR 200MG/5ML FCO. C/120ML,501,,,,,
,67,0,0,0,NAN H A 1 FORMULA LACTEA HIPOALERGENICA BIFIDUS LATA PVO. C/400GR,608,,,,,
,66,0,0,0,MEMANTINA 10MG C/28 TAB.,83,,,,,
,66,0,0,0,VITAMINA A + OXIDO ZINC + ACIDO BORICO + ALANTOINA POMADA TUBO C/60GR,418,,,,,
,66,0,0,0,MINOCICLINA 100MG MICROGRANULOS C/10 CAP. ,552,,,,,
,66,0,0,0,SALBUTAMOL 5MG/ML SOL. NEBUL. FCO. C/10ML,866,,,,,
,66,0,0,0,CLOBETASOL 0.044GR TUBO C/40GR,1238,,,,,
,66,0,0,0,CLORHIDRATO DE BROMHEXINA JARABE C/100ML,1874,,,,,
,65,0,0,0,CLARITROMICINA 250MG SUSP. PED. FCO. C/60ML GRANULOS,467,,,,,
,65,0,0,0,ESOMEPRAZOL 10MG C/28 SOBRES GRANULADOS,2281,,,,,
,65,0,0,0,PRUCALOPRIDA 2MG C/14 COMP.,2930,,,,,
,65,0,0,0, IBUPROFENO + PARACETAMOL 325MG C/12 TAB.,3027,,,,,
,64,0,0,0,ACIDO VALPROICO JARABE 250MG C/120ML,290,,,,,
,64,0,0,0,CETIRIZINA SOL. FCO. C/50ML,885,,,,,
,64,0,0,0,CLORHIDRATO DE TRAMADOL 100MG/ML GOTAS C/10ML,1880,,,,,
,64,0,0,0,LIDOCAINA + HIDROCORTISONA TUBO UNG. C/20GR y APLICADOR,2808,,,,,
,63,0,0,0,KETOCONAZOL POLVO TALCO FCO. C/60GR,191,,,,,
,63,0,0,0,ALUMINIO + MAGNESIO + DIMETICONA C/50 TAB. (MENTA),699,,,,,
,63,0,0,0,CIPROFLOXACINO + DEXAMETASONA 3MG/1MG/ML FCO. C/5ML,2697,,,,,
,63,0,0,0,METRONIDAZOL 500MG C/30 COMP.,2865,,,,,
,63,0,0,0,FENTERMINA 15MG C/30 TAB.,2964,,,,,
,62,0,0,0,CETIRIZINA SOL 10MG/ML C/10ML,871,,,,,
,62,0,0,0,GLIBENCLAMIDA 5MG C/50 TAB.,1418,,,,,
,62,0,0,0,METFORMINA + GLIBENCLAMIDA 500MG/5MG C/60 TAB.,1867,,,,,
,62,0,0,0,RISPERIDONA 2MG C/20 TAB.,2698,,,,,
,61,0,0,0,CLORHIDRATO DE DULOXETINA 60MG C/28 CAPS.,210,,,,,
,61,0,0,0,CLOBETASOL 0.050% TUBO C/30GR,227,,,,,
,61,0,0,0,CLARITROMICINA 500MG C/10 TAB.,2092,,,,,
,60,0,0,0,HIDROXIDO DE MAGNESIO 8.5GR SUSP. C/180ML,499,,,,,
,60,0,0,0,RIFAXIMINA 200MG C/12 GRAGEAS,1716,,,,,
,60,0,0,0,DOMPERIDONA 10MG C/30 TAB.,2649,,,,,
,60,0,0,0,CLORANFENICOL 5MG/ML GOTAS OFT. C/15ML ,2726,,,,,
,59,0,0,0,DICLOFENACO SODICO 75MG/3ML SOL. INY. ENV. C/2 AMP.,295,,,,,
,59,0,0,0,BUDESONIDA + FORMOTEROL 160MG/4.5MCG SPRAY,782,,,,,
,58,0,0,0,OXIMETAZOLINA 25MG SOL. NASAL FCO. NEB. C/20ML,231,,,,,
,57,0,0,0,GEMFIBROZILO 600MG C/14 TAB.,945,,,,,
,57,0,0,0,ADALIMUMAB 40MG JER. PRELLENEDA,2016,,,,,
,57,0,0,0,AMPICILINA 500MG C/20 CAP.,2565,,,,,
,56,0,0,0,MOSAPRIDA 5MG C/30 COMP.,1656,,,,,
,56,0,0,0,NAPROXENO SODICO + PARACETAMOL 125MG/100MG SUSP. FCO.  C/80ML,1912,,,,,
,55,0,0,0,AMOXICILINA 250MG SUSP. C/75ML,24,,,,,
,55,0,0,0,METFORMINA + GLIBENCLAMIDA 500MG/2.5MG C/30 TAB.,2616,,,,,
,55,0,0,0,TOBRAMICINA 3MG/1ML SOL. OFT. FCO. C/5ML,2677,,,,,
,55,0,0,0,AZILSARTAN MEDOXOMILO + CLORTALIDONA 80/12.5 C/28 TAB.,2948,,,,,
,54,0,0,0,PEROXIDO DE BENZOILO 5% TUBO GEL C/60GR,116,,,,,
,54,0,0,0,CISAPRIDA 10MG C/30 TAB.,177,,,,,
,54,0,0,0,NITROFURANTOINA 50MG C/40 CAP.,523,,,,,
,54,0,0,0,ACICLOVIR 400MG C/35 COMP.,545,,,,,
,54,0,0,0,METOCLOPRAMIDA 10MG C/20 TAB.,565,,,,,
,54,0,0,0,KETOCONAZOL 2/100ML SHAMPOO C/1,840,,,,,
,54,0,0,0,TIBOLONA 2.5MG C/30 TAB.,2658,,,,,
,54,0,0,0,ETINILESTRADIOL + DROSPIRENONA 3MG 24/4 C/28 COMP.,2741,,,,,
,53,0,0,0,DORZOLAMIDA + TIMOLOL GOTAS OFT. FCO. C/5ML,251,,,,,
,53,0,0,0,ATENOLOL 100MG C/28 TAB.,849,,,,,
,53,0,0,0,OLANZAPINA 10MG C/14 TAB.,1548,,,,,
,53,0,0,0,EPINASTINA 0.05% SOL. FCO. GOTERO C/5ML,2427,,,,,
,53,0,0,0,PERMETRINA EMULSION C/120 APLICACIONES,2481,,,,,
,52,0,0,0,DIMETICONA GOTAS C/30ML,323,,,,,
,52,0,0,0,EMOLIENTE Y HUMECTANTE CON UREA AL 10% LOCION FCO. C/120ML,648,,,,,
,52,0,0,0,SALMETEROL + FLUTICASONA 25/125 FCO.,2468,,,,,
,51,0,0,0,NAPROXENO 250MG C /30 TAB.,643,,,,,
,51,0,0,0,INSULINA ASPARTICA ADN RECOM 100UI/1ML 3ML C/5 CARTUCHO,1211,,,,,
,51,0,0,0,MICOFENOLATO DE MOFELITO 500MG C/50 TAB.,1648,,,,,
,50,0,0,0,ETOFENAMATO TUBO CREMA C/40GR,112,,,,,
,50,0,0,0,CLINDAMICINA SOL. TOPICA FCO C/30ML,261,,,,,
,50,0,0,0,CEFIXIMA DE 200MG C/12 CAP.,1335,,,,,
,50,0,0,0,CIPROFLOXACINO SOL. OFT. GOTAS C/5ML,1493,,,,,
,50,0,0,0,DILTIAZEM 120MG LIB. PROL. C/20 TAB.,2817,,,,,
,50,0,0,0,MOXIFLOXACINO + DEXAMETASONA SOL. OFT. GOTAS FCO C/5ML,2923,,,,,
,49,0,0,0,AMINOFENAZONA + BUFENINA + DIFENILPIRALI C/20 CAP.,363,,,,,
,49,0,0,0,BROMURO DE PIRIDOSTIGMINA 60MG C/20 TAB.,531,,,,,
,49,0,0,0,LEVODOPA + CARBIDOPA + ENTACAPONA 200MG/100MG/25MG C/30 TAB.,564,,,,,
,49,0,0,0,PENTOXIFILINA 400MG C/30 GRAGEAS,669,,,,,
,49,0,0,0,LEVONORGESTREL + ETINILESTRADIOL 0.15MG/.03MG C/21 GRAGEAS,2693,,,,,
,48,0,0,0,NIMODIPINO 30MG C/30 TAB.,470,,,,,
,48,0,0,0,CLORFENAMINA I 50MG JBE. FCO. C/60ML,1503,,,,,
,48,0,0,0,AMANTADINA + CLORFENAMINA + PARACETAMOL + FENILEFRINA SOL. FCO. C/60ML,2780,,,,,
,47,0,0,0,VALPROATO DE MAGNESIO 400MG C/20 TAB.,71,,,,,
,47,0,0,0,FLUNARIZINA 10MG C/20 TAB.,607,,,,,
,47,0,0,0,DEXAMETASONA 1MG/ML SOL. OFT. GOTAS C/5ML,2814,,,,,
,47,0,0,0,HIDROXOCABALAMINA TIAMINA PIRIDOXINA C/5 AMP. Y JER.,2861,,,,,
,46,0,0,0,PERMETRINA  5% SHAMPOO C/60ML,641,,,,,
,46,0,0,0,PREDNISONA 20MG C/30 TAB.,642,,,,,
,46,0,0,0,MEBENDAZOL+ QUINFAMIDA 300MG/150MG C/2 TAB.,2601,,,,,
,45,0,0,0,CEFTIBUTEN 400MG C/10 CAP.,168,,,,,
,45,0,0,0,BETAMETASONA + GENTAMICINA TUBO CREMA C/30GR,276,,,,,
,45,0,0,0,MALEATO DE CLORFENAMINA 4MG C/20 TAB.,1889,,,,,
,45,0,0,0,AMOXICILINA 500MG SUSP. C/75ML ,2945,,,,,
,44,0,0,0,ACIDO RETINOICO TUBO CREMA C/20GR,1432,,,,,
,44,0,0,0,ISOTRETINOINA 10MG C/30 CAP.,2412,,,,,
,44,0,0,0,DICLOFENACO + COLESTIRAMINA 140MG C/20 CAP.,2548,,,,,
,44,0,0,0,PANCREATINA+ESTRACTO SECO BILIS BUEY+DIMETILPOLISILOXANO 130/50/40/MG C/30 GRAGEAS,3014,,,,,
,43,0,0,0,AMINOFENAZONA + BUFENINA + DIFENILPIRALI SOL. GOTAS C/25ML,362,,,,,
,43,0,0,0,BUDESONIDA 0.250MG/ML NEBUL. C/5 AMP. SOBRE 2ML,719,,,,,
,43,0,0,0,RESINA DE COLESTIRAMINA 9GR C/10 SOBRES,722,,,,,
,43,0,0,0,TRAVOPROST 40MCG SOL. OFT. FCO. C/2.5ML,830,,,,,
,43,0,0,0,TRIMETOPRIMA + SULFAMETOXAZOL 80/400MG C/20 TAB.,852,,,,,
,43,0,0,0,RANITIDINA 150MG JARABE FCO. C/200ML,1494,,,,,
,42,0,0,0,"PANCREATINA + LIPASA + AMILASA + PROTEASA 10,000UI C/50 CAP.",193,,,,,
,42,0,0,0,VALPROATO SEMISODICO 500MG LIB. RET. C/30 COMP.,337,,,,,
,42,0,0,0,INDOMETACINA 25MG C/30 CAP.,437,,,,,
,42,0,0,0,BUDESONIDA + FORMOTEROL 320MG/9MCG C/60 DOSIS (POLVO),802,,,,,
,42,0,0,0,DICLOXACILINA 250MG SUSP. FCO. C/60ML,1509,,,,,
,42,0,0,0,"ERITROPOYETINA HUMANA 50,000UI/10ML INY. C/1 AMP.",2717,,,,,
,42,0,0,0,ACIDO MEFENAMICO 500MG C/20 TAB.,2773,,,,,
,42,0,0,0,CLORANFENICOL + HIDROCORTISONA + BENZOCAINA SOL. OTICA FCO. C/10ML,2794,,,,,
,41,0,0,0,ENANTATO DE PRASTERONA + VALERATO DE ESTRADIOL 200MG/4MG C/1 JER. PRELLENADA DE 1ML,138,,,,,
,41,0,0,0,OLANZAPINA 5MG C/14 TAB.,599,,,,,
,41,0,0,0,CEFUROXIMA 250MG/5ML SUSP. C/50ML,2615,,,,,
,41,0,0,0,AZILSARTAN MEDOXOMILO + CLORTALIDONA 40/12.5 C/28 TAB.,2944,,,,,
,41,0,0,0,AZILSARTAN MEDOXOMILO 40MG C/28 TAB.,2946,,,,,
,40,0,0,0,NUTRAMIGEN PREMIUM LATA C/357GR,329,,,,,
,40,0,0,0,INSULINA HUMANA 70/30 CARTUCHO C/300U C/2X3ML,427,,,,,
,40,0,0,0,HIDROCORTISONA 1GR/100ML FCO. LOCION C/120ML,624,,,,,
,40,0,0,0,LORATADINA 5MG/5ML SOL. C/60ML,1885,,,,,
,39,0,0,0,PROPRANOLOL 40MG C/30 TAB.,783,,,,,
,39,0,0,0,FLUCONAZOL+ TINIDAZOL 37.5MG/500MG C/4 TAB.,1262,,,,,
,39,0,0,0,RIVASTIGMINA 4.6MG C/30 PARCHES,1746,,,,,
,39,0,0,0,SALMETEROL + FLUTICASONA 50/100MCG SOL. INHAL C/60 DOSIS,2493,,,,,
,39,0,0,0,ENOXAPARINA SODICA 60MG/0.4ML C/2 JER.S PRELLENADAS,2496,,,,,
,39,0,0,0,ALPRAZOLAM 0.50MG C/30 TAB. (II),2779,,,,,
,38,0,0,0,BETAMETASONA LOCION CAPILAR FCO. C/50ML,120,,,,,
,38,0,0,0,DIMENHIDRINATO JARABE FCO. C/120ML,284,,,,,
,38,0,0,0,VALPROATO SEMISODICO ER 500MG LIB. PROL. C/30 TAB.,2193,,,,,
,38,0,0,0,ACICLOVIR TUBO CREMA C/5GR,2607,,,,,
,37,0,0,0,PIROXICAM 10MG C/20 CAP.,1079,,,,,
,37,0,0,0,LATANOPROST 0.005% SOL. OFT. FCO. C/2.5ML,2862,,,,,
,36,0,0,0,TERAZOSINA 5MG C/30 TAB.,9,,,,,
,36,0,0,0,ETAMSILATO 500MG C/20 COMP.,272,,,,,
,36,0,0,0,L-ORNITINA + L-ASPARTATO 3GR C/10 SOBRES GRANULADOS,432,,,,,
,36,0,0,0,INDOMETACINA 50MG C/28 CAP.,525,,,,,
,36,0,0,0,METRONIDAZOL .75% TUBO GEL C/30GR,567,,,,,
,36,0,0,0,NAN A.R FORMULA LACTEA LATA C/400GR,634,,,,,
,36,0,0,0,ESTRADIOL + DROSPIRENONA 1MG/2MG C/28 COMPS. RECUB.,1375,,,,,
,36,0,0,0,CALCITRIOL 0.25MCG C/50 CAP.,1862,,,,,
,36,0,0,0,CLORHIDRATO DE BENCIDAMINA 45MG SOL. C/30ML,2668,,,,,
,36,0,0,0,VALPROATO DE MAGNESIO 200MG C/40 TAB.,2838,,,,,
,35,0,0,0,CALAMINA LOCION FCO. 180ML,160,,,,,
,35,0,0,0,ENOXAPARINA SODICA 40MG/0.4ML C/2 JER.S PRELLENADAS,179,,,,,
,35,0,0,0,CALCIO 500MG ENV. C/12 COMP.,209,,,,,
,35,0,0,0,CLONIXITATO DE LISINA + CICLOBENZAPRINA 125/5 C/20 TAB.,2307,,,,,
,35,0,0,0,LIRAGLUTIDE 0.6MG FLEXPEN,2969,,,,,
,34,0,0,0,DILTIAZEM 90MG C/20 TAB.,28,,,,,
,34,0,0,0,AMITRIPTILINA 25MG C/50 TAB.,84,,,,,
,34,0,0,0,MONTELUKAST SODICO 4MG C/10 TAB.,1143,,,,,
,34,0,0,0,FLOROGLUCINOL + TRIMETILFLOROGLUCINOL 80MG/80MG C/20 CAP.,2840,,,,,
,33,0,0,0,DILTIAZEM 60MG C/30 COMPS.,82,,,,,
,33,0,0,0,CLINDAMICINA + PEROXIDO DE BENZOILO 5GR/100GR EN 100GR TUBO GEL C/30GR,449,,,,,
,33,0,0,0,CITRATO DE TAMOXIFENO 20MG C/15 TAB.,625,,,,,
,33,0,0,0,DROPROPIZINA 30MG C/15 TAB. ,2413,,,,,
,33,0,0,0,ESPIRONOLACTONA 100MG C/30 TAB.,2573,,,,,
,33,0,0,0,NIFEDIPINO 10MG C/20 CAP.,2875,,,,,
,33,0,0,0,TRIMEBUTINA 200MG C/20 TAB,3037,,,,,
,32,0,0,0,VALPROATO DE MAGNESIO 600MG C/30 TAB.,38,,,,,
,32,0,0,0,AZATIOPRINA 50MG C/50 TAB.,51,,,,,
,32,0,0,0,KETANSERINA + METRONIDAZOL + MICONAZOL 36MG C/10 OVULOS,2245,,,,,
,32,0,0,0,CLEBOPRIDA 500MG C/30 COMP.,2914,,,,,
,32,0,0,0,INDACATEROL 150MG C/30 CAP.,2918,,,,,
,31,0,0,0,ETANERCEPT 25MG FCO. C/4 AMP.,349,,,,,
,31,0,0,0,NICERGOLINA 30MG C/20 GRAGEAS,767,,,,,
,31,0,0,0,ALBENDAZOL 200MG C/2 TAB.,957,,,,,
,31,0,0,0,OXCARBAZEPINA 60MG/1ML SUSP. C/100ML,1033,,,,,
,31,0,0,0,ERDOSTEINA 300MG C/20 CAP.,1820,,,,,
,31,0,0,0,PROPRANOLOL 10MG C/50 TAB.,3029,,,,,
,30,0,0,0,ALBENDAZOL 20MG/ML SUSP. ORAL C/20ML,95,,,,,
,30,0,0,0,KETANSERINA + BENZOCAINA 2% TUBO GEL C/78GR,798,,,,,
,30,0,0,0,SILIMARINA 70MG C/20 COMP.,2151,,,,,
,30,0,0,0,CARVEDILOL 25MG C/14 TAB.,2594,,,,,
,30,0,0,0,RIVAROXABAN 20MG C/28 COMP.,2937,,,,,
,29,0,0,0,MOMETASONA 1% UNGUENTO TOPICO TUBO C/30GR,319,,,,,
,29,0,0,0,CLORMADINONA 5MG C/20 TAB.,494,,,,,
,29,0,0,0,SOL. ESTERILIZANTE + ANTISEPTICA DE SUPEROXIDACION FCO. C/240ML,1310,,,,,
,29,0,0,0,CIPROTERONA + ETINILESTRADIOL 2MG/.035MG C/21 GRAGEAS ,1522,,,,,
,29,0,0,0,ESTOLATO DE ERITROMICINA 500MG C/20 TAB.,1905,,,,,
,29,0,0,0,TIZANIDINA 6MG LIB. PROL. C/10 CAP.,2979,,,,,
,28,0,0,0,ANASTROZOL 1MG C/28 TAB.,35,,,,,
,28,0,0,0,CLORHIDRATO DE BETAXOLOL 2.5GR SUSP OFT.  C/5ML,121,,,,,
,28,0,0,0,DIFENIDOL 40MG/2ML SOL. INY. C/2 AMP.,273,,,,,
,28,0,0,0,BROMAZEPAM 3MG C/30 TAB.,588,,,,,
,28,0,0,0,ESTRADIOL + TRIMEGESTONA CONTINUO 1MG/.125MG C/28 GRAGEAS,842,,,,,
,28,0,0,0,TRITICUM VULGARE FENOXIETANOL CREMA UNGUENTO C/30GR,1258,,,,,
,28,0,0,0,ESPIRONOLACTONA 25MG C/30 TAB.,2572,,,,,
,28,0,0,0,ACIDO ACETILSALICILICO 500MG C/20 TAB.,2768,,,,,
,28,0,0,0,CLORHIDRATO DE BIPERIDENO 2MG C/30 TAB.,2798,,,,,
,27,0,0,0,LAMOTRIGINA 25MG C/28 TAB. DISP.,709,,,,,
,27,0,0,0,ACIDO ACEXAMICO + NEOMICINA UNGUENTO 5GR/0.4GR EN 100GR TUBO C/40GR,727,,,,,
,27,0,0,0,ATOMOXETINA 25MG C/14 CAP.,794,,,,,
,27,0,0,0,LIDOCAINA + HIDROCORTISONA + SUBACETATO C/12 SUP.,896,,,,,
,27,0,0,0,TEGASEROD 6MG C/30 COMP.,912,,,,,
,27,0,0,0,ITRACONAZOL + SECNIDAZOL C/12 CAP.,1370,,,,,
,27,0,0,0,TRINITRATO DE GLICERILO 36MG x PARCHE (10MG/24 hrs C/7),2144,,,,,
,27,0,0,0,PRAMIPEXOL 0.5MG C/30 TAB.,2411,,,,,
,27,0,0,0,TRIMETOPRIMA + SULFAMETOXAZOL 40MG/200MG/5MG SUSP. FCO. C/120ML,2631,,,,,
,27,0,0,0,SUCRALFATO 1GR C/40 TAB.,2653,,,,,
,27,0,0,0,TACROLIMUS 1MG C/50 TAB.,2894,,,,,
,27,0,0,0,AZILSARTAN MEDOXOMILO 80MG C/28 TAB.,2947,,,,,
,27,0,0,0,LACTULOSA + PARAFINA LIQUIDA + PARAFINA BLANCA GEL ORAL FCO. C/150GR,2968,,,,,
,27,0,0,0,MIRTAZAPINA 30MG C/10 TAB.,3032,,,,,
,26,0,0,0,BROMURO DE IPRATROPIO 20MCG SUSP. AEROSOL C/200 DOSIS EN 10ML,62,,,,,
,26,0,0,0,PARACETAMOL + CODEINA 500MG/30MG C/30 CAP. (II),596,,,,,
,26,0,0,0,ANFEBUTAMONA 150MG LIB. PROL. C/30 TAB.,891,,,,,
,26,0,0,0,LUTENIA + ZEAXANTINA SUPLEMENTO ALIMENTICIO DE LIB PROLONGADA 57GR C/60 TAB.,926,,,,,
,26,0,0,0,ADAPALENE 1% CREMA C/30GR,1552,,,,,
,26,0,0,0,KETOCONAZOL 200MG C/10 TAB.,2625,,,,,
,26,0,0,0,NEOMICINA + CAOLIN + PECTINA 36.65MG/500MG SUSP. C/75ML,2629,,,,,
,26,0,0,0,LEVOCETIRIZINA GOTAS C/10ML,2736,,,,,
,26,0,0,0,DESVENLAFAXINA 50MG C/28 COMP.,2905,,,,,
,25,0,0,0,SULFADIACINA DE PLATA MICRONIZADA 1% CREMA TUBO C/30GR,67,,,,,
,25,0,0,0,DIPROPINATO DE BETAMETASONA + CALCIPOTRIOL 5MG/50MG TUBO UNGUENTO C/30GR,1026,,,,,
,25,0,0,0,AMOXICILINA/ACIDO CLAVULANICO 200MG/285MG/5ML FCO. C/40ML,1852,,,,,
,25,0,0,0,SOMATROPINA 10MG PLUMA PRELLENADA C/1 DISPOSITIVO DE 1.5ML,3000,,,,,
,24,0,0,0,VALPROATO DE MAGNESIO 500MG C/20 TAB.,37,,,,,
,24,0,0,0,ALLIUM CEPAE + ALANTOINA TUBO GEL C/20GR,528,,,,,
,24,0,0,0,POLIETILENGLICOL + BICAR. SODICO + CL SODIO + CL DE POTASIO POLVO 109.6GR C/4 SOBRES,623,,,,,
,24,0,0,0,ATOMOXETINA 60MG C/14 CAP.,966,,,,,
,24,0,0,0,NAFAZOLINA + HIPROMELOSA OFT. GOTAS FCO C/15ML,1007,,,,,
,24,0,0,0,CLINDAMICINA + KETOCONAZOL 800/100MG C/3 TAB. VAGINALES,1029,,,,,
,24,0,0,0,BIMATOPROST GOTAS 0.03% SOL. OFT. C/3ML,1058,,,,,
,24,0,0,0,FELODIPINO + METOPROLOL 5/47.5MG C/14 TAB.,1176,,,,,
,24,0,0,0,ALPRAZOLAM 1MG C/30 COMP. (II),1448,,,,,
,24,0,0,0,QUETIAPINA 300MG C/30 TAB. LIB PROL.,2353,,,,,
,24,0,0,0,DIMENHIDRINATO 50MG C/20 TAB.,2652,,,,,
,24,0,0,0,ONDANSETRON 8MG C/10 TAB.,2843,,,,,
,23,0,0,0,LIOFILIZADO ESTANDARIZADO DE LISADO BACTERIANOS INFANTIL 3.5MGS. C/10 CAP.,135,,,,,
,23,0,0,0,CEFTIBUTEN 36MG/ML SUSP. FCO C/30ML,167,,,,,
,23,0,0,0,VERAPAMILO 40MG C/30 TAB.,274,,,,,
,23,0,0,0,ACETATO DE CALCIO + SULFATO DE ALUMINIO C/12 SOBRES,280,,,,,
,23,0,0,0,DIAZEPAM + DEXTROPROPOXIFENO + PARACETAMOL C/20 TAB. (II),590,,,,,
,23,0,0,0,SULFATO DE AMANTADINA 100MG C/30 TAB.,703,,,,,
,23,0,0,0,ATOMOXETINA 18MG C/14 CAP.,804,,,,,
,23,0,0,0,OXCARBAZEPINA 600MG C/20 GRAGEAS,1724,,,,,
,23,0,0,0,BIMATOPROST + TIMOLOL 0.03%/0.05% SOL. OFT. C/3ML,1793,,,,,
,23,0,0,0,"ACIDO ASCORBICO + VITAMINA A + ERGOCALCIFERO VIT. A,C,D SOL. GOTAS C/15ML",2770,,,,,
,23,0,0,0,LACOSAMIDA 100MG C/28 TAB.,2990,,,,,
,22,0,0,0,VERALIPRIDA 100MG C/20 CAP.,4,,,,,
,22,0,0,0,NIFEDIPINO 20MG LIB. PROL. C/28 COMP.,8,,,,,
,22,0,0,0,ISOCONAZOL TUBO CREMA C/40GR Y 7 APLICADORES,433,,,,,
,22,0,0,0,HIDROSMINA 200MG C/20 CAP.,1730,,,,,
,22,0,0,0,SALMETEROL + FLUTICASONA 50MCG/500MG FCO. C/60 DOSIS,2738,,,,,
,21,0,0,0,IMIQUIMOD SOBRES 250MG AL 5% C/12 SOBRES,15,,,,,
,21,0,0,0,CLINDAMICINA 300MG C/2ML AMP.,238,,,,,
,21,0,0,0,PIPERIDOLATO 100MG C/30 GRAGEAS,258,,,,,
,21,0,0,0,ISOCONAZOL 600MG C/1 OVULO,434,,,,,
,21,0,0,0,DOMPERIDONA SUSP. C/60ML,1011,,,,,
,21,0,0,0,HIALUNARATO DE SODIO 4.0MG D.U. C/20 ENVASES DE 0.5ML,1112,,,,,
,21,0,0,0,OLANZAPINA + FLUOXETINA 6/25MG C/14 CAP.,1180,,,,,
,21,0,0,0,CITICOLINA 500MG C/10 COMP.,2632,,,,,
,21,0,0,0,ACIDO ASCORBICO + VITAMINA + VITAMINA C 1GR C/10 TAB.,2772,,,,,
,21,0,0,0,BROMURO DE TIOTROPIO C/30 CAP. + DISPOSITIVO DOSIFICADOR,2878,,,,,
,20,0,0,0,CINARIZINA 75MG ENV. C/60 TAB.,237,,,,,
,20,0,0,0,OLOPATADINA 0.2% SOL. OFT. C/2.5ML,666,,,,,
,20,0,0,0,PREDNISONA 50MG C/20 TAB.,689,,,,,
,20,0,0,0,MIRTAZAPINA 30MG C/12 TAB. DISP.,740,,,,,
,20,0,0,0,YODOPUVIDONA BUCOFARINGEO SOL. FCO. C/120ML ,793,,,,,
,20,0,0,0,DEXAMETASONA + FENILEFRINA SOL. OFT. FCO. C/10ML,1506,,,,,
,20,0,0,0,LIOFILIZADO ESTANDARIZADO DE LISADOS BACTERIANOS CAPSULAS ADULTOS 7MG C/10 CAP.,1795,,,,,
,20,0,0,0,NAN SIN LACTOSA FORMULA LACTEA EXCENTA DE LACTOSA LATA PVP. C/400GR,2624,,,,,
,20,0,0,0,PROPRANOLOL 20MG C/24 TAB.,2976,,,,,
,19,0,0,0,VERAPAMILO 180MG C/15 TAB.,275,,,,,
,19,0,0,0,NORFLOXACINO 400MG C/20 GRAGEAS,633,,,,,
,19,0,0,0,CLORMADINONA + MESTRANOL 2MG/80MCG C/21 TAB.,764,,,,,
,19,0,0,0,MOXIFLOXACINO 0.5% SOL. OFT. FCO C/5ML,880,,,,,
,19,0,0,0,CEFUROXIMA 500MG C/10 TAB.,1488,,,,,
,19,0,0,0,SUPLEMENTO DE AMINOACIDOS Y CALORIAS POLVO SOBRE C/110GR,1733,,,,,
,19,0,0,0,NEPAFENACO 1.0MG SOL. OFT. GOTAS C/5ML,2072,,,,,
,19,0,0,0,MECLIZINA + PIRIDOXINA + LIDOCAINA C/1 AMP.,2841,,,,,
,19,0,0,0,TESTOSTERONA 250MG/1ML C/1 AMP.,2882,,,,,
,18,0,0,0,BRINZOLAMIDA 1% SUSP. OFT. FCO. C/5ML,46,,,,,
,18,0,0,0,REPAGLINIDA 2MG C/30 COMP.,1042,,,,,
,18,0,0,0,BROMHIDRATO DE GALANTAMINA 8MG C/14 CAP.,1587,,,,,
,18,0,0,0,DINITRATO DE ISOSORBIDA 5MG C/20 TAB.,2859,,,,,
,17,0,0,0,DICLOXACILINA 250MG C/20 CAP.,85,,,,,
,17,0,0,0,"BENCILPENICILINA SODICA 1,000,000 UI + 1 FCO. C/2ML AMP. DIL.",707,,,,,
,17,0,0,0,TOLNAFTATO 1% SOL. FCO C/20ML,824,,,,,
,17,0,0,0,EMTRICITABINA + TENOFOVIR DISOPROXIL FUMARATO C/30 TAB.,854,,,,,
,17,0,0,0,ACIDO POLIACRILICO GEL OFTALMICO TUBO C/10GR,879,,,,,
,17,0,0,0,OXIMETAZOLINA + HIALURONATO DE SODIO OFTENO 1MG/0.125GR/0.5ML C/20 AMP.,1248,,,,,
,17,0,0,0,DEXAMETASONA + TOBRAMICINA UNGUENTO OFT. TUBO C/3.5GR,2676,,,,,
,17,0,0,0,"NISTATINA 2,400,000UI SUSP. FCO. C/24ML",2846,,,,,
,16,0,0,0,AMPICILINA 1GR I.M. C/1 AMP.,99,,,,,
,16,0,0,0,CARBONATO DE LITIO 300MG C/50 TAB.,243,,,,,
,16,0,0,0,FLUTICASONA 250MCG FCO. PRESURIZADO C/60 DOSIS,360,,,,,
,16,0,0,0,ESTRADIOL + NORGESTREL 2MG/0.5MG C/21 GRAGEAS (11 BLANCAS Y 10 COLOR),682,,,,,
,16,0,0,0,LINEZOLID 600MG C/10 TAB.,1060,,,,,
,16,0,0,0,FLUTICASONA 0.5MG/2ML C/10 AMP.,1069,,,,,
,16,0,0,0,VERAPAMILO + TRANDOLAPRIL 180MG/2MG LIB. PROL. C/15 TAB.,1567,,,,,
,16,0,0,0,BUDESONIDA + FORMOTEROL 80MG/4.5MCG SPRAY,1782,,,,,
,16,0,0,0,DILTIAZEM 180MG LIB. PROL. C/12 TAB.,2818,,,,,
,16,0,0,0,BACLOFENO 10MG C/100 TAB.,2980,,,,,
,16,0,0,0,COLISTIMETATO DE SODIO 150MG FCO. AMP.,3013,,,,,
,15,0,0,0,ACIDO VALPROICO 250MG C/30 CAP.,264,,,,,
,15,0,0,0,PREDNISOLONA 100MG SOL. FCO. C/100ML,388,,,,,
,15,0,0,0,HIERRO DEXTRAN 100MG/2ML SOL. INY. C/3 AMP.,425,,,,,
,15,0,0,0,FUROSEMIDA 20MG C/36 TAB.,484,,,,,
,15,0,0,0,TERAZOSINA 2MG ENV. C/20 TAB.,837,,,,,
,15,0,0,0,METRONIDAZOL 5GR SUSP. C/120ML,1453,,,,,
,15,0,0,0,MEDROXIPROGESTERONA 10MG C/10 TAB.,1555,,,,,
,14,0,0,0,ARIPIPRAZOL 15MG C/10 TAB.,50,,,,,
,14,0,0,0,MICONAZOL 2% TUBO GEL ORAL C/78GR,259,,,,,
,14,0,0,0,EPLERENONA 25MG C/30 TAB.,445,,,,,
,14,0,0,0,ACETONIDO DE FLUOCINOLONA TUBO C/30GR,511,,,,,
,14,0,0,0,OXIBUTININA 100MG/100ML FCO C/120ML,614,,,,,
,14,0,0,0,TRIBENOSIDO + LIDOCAINA 400MG C/5 SUP.,681,,,,,
,14,0,0,0,ACICLOVIR COMPRIMIDOS 200MG C/25 COMP.,1424,,,,,
,14,0,0,0,RIMANTADINA 100MG C/14 CAP.,2393,,,,,
,14,0,0,0,FORMULA LACTEA DE TERMINO DE 0 A 6 (ETAPA 1) LATA C/350GR,2739,,,,,
,14,0,0,0,DIGOXINA 0.25MG C/60 TAB.,2816,,,,,
,14,0,0,0,SUBSALICILATO DE BISMUTO SUSP. FCO C/120ML,2868,,,,,
,14,0,0,0,CINOSTAZOL 100MG C/30 TAB.,2949,,,,,
,14,0,0,0,ERDOSTEINA SOL. C/90ML,2963,,,,,
,14,0,0,0,FLEET FOSFOSODA SOL. ORAL C/45ML,2965,,,,,
,13,0,0,0,PEROXIDO DE BENZOILO 10% TUBO GEL C/60GR,115,,,,,
,13,0,0,0,MALEATO DE TIMOLOL SOL. OFT. 5% C/15ML,451,,,,,
,13,0,0,0,CLORHIDRATO AMITRIPTILINA + DIAZEPAM + PERFENACINA 10MG/3MG/2MG C/30 TAB.,574,,,,,
,13,0,0,0,DECANOATO DE FLUPENTIXOL 20MG C/1 AMP. DE 2ML (III),580,,,,,
,13,0,0,0,PERFENAZINA 4MG C/30 TAB.,587,,,,,
,13,0,0,0,OLANZAPINA 10MG C/14 TAB. DISPERSABLES,916,,,,,
,13,0,0,0,HIPROMELOSA SOL. OFT GOTAS C/15ML,1437,,,,,
,13,0,0,0,MESALAZINA 1GR C/30 SOBRES GRANULADOS,1526,,,,,
,13,0,0,0,RISPERIDONA 1MG/ML SOL. FCO. C/60ML,2139,,,,,
,13,0,0,0,"INSULINA HUMANA RAPIDA 1,000UI FCO. C/10ML",2639,,,,,
,13,0,0,0,LEVOCETIRIZINA SOL. INFANTIL C/150ML,2735,,,,,
,13,0,0,0,BUPRENORFINA 30MG C/4 PARCHES (II),2758,,,,,
,13,0,0,0,CLIOQUINOL TUBO CREMA 30GR,2791,,,,,
,13,0,0,0,TEOFILINA 100MG C/20 CAP.,2831,,,,,
,13,0,0,0,DESVENLAFAXINA 100ML C/28 COMP.,2899,,,,,
,12,0,0,0,CLORHIDRATO DE METILFENIDATO 36MG C/30TAB. (II),228,,,,,
,12,0,0,0,FOSFATO MONOSODICO 12GR + CIDRATO DE SODI ENEMA EVACUANTE C/133ML,378,,,,,
,12,0,0,0,SECNIDAZOL 500MG C/8 COMP.,553,,,,,
,12,0,0,0,DIAZEPAM 10MG C/20 COMP. (II),598,,,,,
,12,0,0,0,ALOGLUTAMOL 500MG C/20 COMP.,758,,,,,
,12,0,0,0,ATOMOXETINA 40MG C/14 CAP.,807,,,,,
,12,0,0,0,PREDNISOLONA 3.0MG/ML SOL. PED. C/120ML,1099,,,,,
,12,0,0,0,LEVETIRACETAM SOL. 100MG C/150ML,2023,,,,,
,12,0,0,0,SOMATROPINA 15MG PLUMA PRELLENADA C/1 DISPOSITIVO DE 1.5ML,3001,,,,,
,12,0,0,0,GLICOPIRRONIO + INDACATEROL C/30 CAP. INHALACION,3017,,,,,
,12,0,0,0,TOFACITINIB 5MG C/56 TAB.,3024,,,,,
,11,0,0,0,NORFENILEFRINA SOL. GOTAS FCO. C/24ML,2,,,,,
,11,0,0,0,WARFARINA SODICA 5MG C/30 TAB.,196,,,,,
,11,0,0,0,FLUVOXAMINA 100MG C/15 GRAGEAS,516,,,,,
,11,0,0,0,CISAPRIDA FCO C/60ML,691,,,,,
,11,0,0,0,SALBUTAMOL 40MG/100ML JARABE FCO. C/60ML,759,,,,,
,11,0,0,0,PARECOXIB SODICO 40MG/2ML INY. C/2 AMP.,1481,,,,,
,11,0,0,0,EFAVIRENZ 600MG C/30 COMP.,1571,,,,,
,11,0,0,0,ALTHERA POLVO LATA C/450GR,2019,,,,,
,11,0,0,0,DROPROPIZINA JARABE C/120ML,2230,,,,,
,11,0,0,0,NEOCATE POLVO C/400GR,2454,,,,,
,11,0,0,0,CLORANFENICOL TUBO OFT. C/5GR,2674,,,,,
,11,0,0,0,ACIDO SALICILICO + ACIDO LACTICO + SOL. 26%/15% FCO. C/15ML,3031,,,,,
,10,0,0,0,"PENICILINA CLEMIZOL + BENCILPENICILINA SODICA 1,000,000UI + 1 AMP. DE DILUYENTE",26,,,,,
,10,0,0,0,BETAMETASONA PEDIATRICA  50MG GOTAS FCO. C/60ML,171,,,,,
,10,0,0,0,CLINDAMICINA 75MG/5ML FCO. GRANULADO PARA 100ML,260,,,,,
,10,0,0,0,HALOPERIDOL 2MG SOL. FCO. C/15ML,583,,,,,
,10,0,0,0,PREDNISOLONA 10MG SUSP. OFT. C/5ML,784,,,,,
,10,0,0,0,MICONAZOL 400MG C/3 OVULOS,1904,,,,,
,10,0,0,0,MODAFINILO 200MG C/14 TAB.,2614,,,,,
,10,0,0,0,CICLOPIROX CREMA CUTANEA 20GR,2730,,,,,
,10,0,0,0,TETRACICLINA 250MG C/16 CAP.,2832,,,,,
,10,0,0,0,FENITOINA SODICA SUSP. C/237ML,2833,,,,,
,10,0,0,0,ESTROGENOS CONJUGADOS 0.625MG C/42 TAB.,2855,,,,,
,10,0,0,0,ROTIGOTINA 6MG C/14 PARCHES,2978,,,,,
,10,0,0,0,LINACLOTIDE .29MG C/30 CAP.,3023,,,,,
,9,0,0,0,"INTERFERON BETA-1a 30MCG (6,000,000 UI) C/1 JER. PRELLENADA",68,,,,,
,9,0,0,0,DILTIAZEM 240MG C/10 TAB.,103,,,,,
,9,0,0,0,BETAMETASONA LOCION FCO. SUSP. C/100ML,119,,,,,
,9,0,0,0,COLCHICINA 1MG C/20 TAB.,185,,,,,
,9,0,0,0,ALFAMETILDOPA 250MG C/30 TAB.,426,,,,,
,9,0,0,0,DEXPANTENOL 5% TUBO GEL C/10GR,1006,,,,,
,9,0,0,0,ATOMOXETINA 10MG C/14 CAP.,1034,,,,,
,9,0,0,0,LANSOPRAZOL + CLARITROMICINA + AMOXICILINA 30/500/500MG C/7 BLISTER (2/2/4 CAP.),1284,,,,,
,9,0,0,0,TRAVOPROST + TIMOLOL .04MG/1.0ML FCO.GOTERO C/2.5ML,2560,,,,,
,9,0,0,0,MICOFENOLATO SODICO 360MG C/120 TAB.,2822,,,,,
,9,0,0,0,BICALUTAMIDA 50MG C/28 TAB.,2870,,,,,
,9,0,0,0,BUDESONIDA 3MG C/50 CAP.,2904,,,,,
,9,0,0,0,DARBEPOETINA ALFA 500MCG JER. PRELLENADA,2985,,,,,
,8,0,0,0,ACIDO ASCORBICO 500MG C/100 TAB.,175,,,,,
,8,0,0,0,COMPLEJO B SOL. INY. FCO. C/10ML,189,,,,,
,8,0,0,0,ONDANSETRON 8MG SOL. INY. C/3 AMP. DE 4ML,293,,,,,
,8,0,0,0,HIDROQUINONA CREMA AL 4% TUBO C/30GR,317,,,,,
,8,0,0,0,CITRATO DE SODIO + LAURILSULFOACETATO DE SODIO SUSP. CON 4 ENEMAS EN APLICADOR DESECHABLE DE 5,538,,,,,
,8,0,0,0,ACIDO ACEXAMICO 5GR/100GR UNGUENTO TUBO C/40GR,726,,,,,
,8,0,0,0,INFLIXIMAB F.A. 100MG C/20ML,736,,,,,
,8,0,0,0,AMISULPRIDA 400MG C/7 TAB. ,788,,,,,
,8,0,0,0,TROPICAMIDA FENILEFRINA GOTAS. OFT. C/15ML,808,,,,,
,8,0,0,0,MESALAZINA 1GR C/14 SUP.,969,,,,,
,8,0,0,0,HIDROQUINONA SILICATO DE MAGNESIO 4% TUBO CREMA C/30GR,1091,,,,,
,8,0,0,0,LIDOCAINA + PRILOCAINA CREMA C/30GR.,1210,,,,,
,8,0,0,0,HALOPERIDOL 10MG C/20 TAB.,1421,,,,,
,8,0,0,0,RANITIDINA 40MG FCO C/30ML,1930,,,,,
,8,0,0,0,GLICERINA + POLISORBAPO 1%/80al1% SOL. OFT. C/20 ENVASES UNIDOSIS DE 0.4ML,2251,,,,,
,8,0,0,0,FLUTICASONA 50MCG SPRAY C/120 DOSIS ,2491,,,,,
,8,0,0,0,NAFAZOLINA 5% SOL. OFT. GOTERO FCO. C/15ML ,2597,,,,,
,8,0,0,0,DANAZOL 100MG C/50 TAB.,2810,,,,,
,8,0,0,0,DIPROPIONATO DE BETAMETASONA Y FOSFATO D 5MG/2MG JER. PRELLENADA DE 1ML,2851,,,,,
,8,0,0,0,DICLOFENACO + CODEINA 50MG/50MG C/20 TAB.,2960,,,,,
,8,0,0,0,SOMATROPINA 5MG PLUMA PRELLENADA C/1 DISPOSITIVO DE 1.5ML,2999,,,,,
,7,0,0,0,METILFENIDATO 18MG C/30 TAB.,253,,,,,
,7,0,0,0,CLORMADINONA 2MG C/20 TAB.,493,,,,,
,7,0,0,0,SERENOA REPENS 160MG C/40 CAP.,860,,,,,
,7,0,0,0,PIRACETAM 800MG C/30 TAB.,971,,,,,
,7,0,0,0,CICLOSPORINA DE GELATINA BLANDA 25MG C/50 CAP.,1114,,,,,
,7,0,0,0,GLUCONATO DE POTASIO GK C/10 SOBRES,1232,,,,,
,7,0,0,0,FLUOCINULON ACETONIDA Y HIDROQUINONA + TITRTINOINA 4%/.05% CREMA C/15GR ,1285,,,,,
,7,0,0,0,HIALUNORATO DE SODIO + SULFATO DE CODROINTIN SOL. OFT.,1627,,,,,
,7,0,0,0,MOMETASONA 1% SOL. FCO. C/30ML,1660,,,,,
,7,0,0,0,LOPINAVIR + RITONAVIR 200MG/50MG C/120 TAB.,1759,,,,,
,7,0,0,0,FOSFOMICINA 500MG C/12 CAP.,2242,,,,,
,7,0,0,0,ERITROMICINA 250MG/5ML SUSP. C/100ML,2564,,,,,
,7,0,0,0,METRONIDAZOL 500MG C/10 OVULOS,2612,,,,,
,7,0,0,0,CLEBOPRIDA JBE. FCO. C/90ML,2671,,,,,
,7,0,0,0,BROMOCRIPTINA 2.5MG C/14 TAB.,2785,,,,,
,7,0,0,0,LEUPRORELINA 3.75MG C/1 AMP. DE 2ML,2821,,,,,
,7,0,0,0,MESALAZINA 500MG C/10 SUP.,2970,,,,,
,6,0,0,0,AZELASTINA SOL. OFT. 0.05% FCO. C/5ML,61,,,,,
,6,0,0,0,CARBAMAZEPINA SUSP. 2G/100ML,147,,,,,
,6,0,0,0,MISOPROSTOL 200MCG C/28 TAB.,194,,,,,
,6,0,0,0,LISURIDA 0.2MG C/28 TAB.,281,,,,,
,6,0,0,0,NITROFURAL POMADA TUBO C/85GR,368,,,,,
,6,0,0,0,FLUOROMETOLONA 1% SOL. OFT. FCO. C/5ML,379,,,,,
,6,0,0,0,CLORURO DE SODIO 5% SOL OFT. FCO. 10ML,416,,,,,
,6,0,0,0,FENOBARBITAL 100MG C/40 TAB. (II),579,,,,,
,6,0,0,0,CLORHIDRATO DE METILFENIDATO 10MG C/30 COMP. (III),592,,,,,
,6,0,0,0,TROMANTADINA TUBO GEL C/10GR,878,,,,,
,6,0,0,0,MEBENDAZOL SUSP. FCO. C/30ML,2626,,,,,
,6,0,0,0,AMPICILINA 250MG SUSP. C/60ML,2781,,,,,
,6,0,0,0,FILGRASTIM 300MCG C/1 JER. PRECARGADA DE 1ML,2869,,,,,
,6,0,0,0,CITRATO DE POTASIO 1080MCG C/100 TAB.,2891,,,,,
,6,0,0,0,LEUPRORELINA 22.5MG C/1 AMP.,2911,,,,,
,6,0,0,0,FINGOLIMOD 0.5MG C/28 CAP.,2925,,,,,
,6,0,0,0,NILOTIMIB 200MG C/28 CAP.,2936,,,,,
,5,0,0,0,ACETAZOLAMIDA 250MG C/30 TAB.,3,,,,,
,5,0,0,0,POLICRESULENO 0.09 GR C/6 OVULOS,12,,,,,
,5,0,0,0,LISINA + MONOCLORHIDRATO POTASIO + CLORURO + BICARBONATO C/50 TAB. EFER.,254,,,,,
,5,0,0,0,TESTOSTERONA + ESTRADIOL 100MG/5MG C/1 JER. PRELLENADA,266,,,,,
,5,0,0,0,CLORURO DE SODIO 10% SOL OFT. FCO. 10ML,415,,,,,
,5,0,0,0,BENZOATO DE ESTRADIOL + PROGESTERONA JER. 5MG/50MG C/1ML,532,,,,,
,5,0,0,0,CLOBAZAM 10MG C/30 TAB.,581,,,,,
,5,0,0,0,SIROLIMUS 1MG C/60 GRAGEAS,743,,,,,
,5,0,0,0,ESTRADIOL + TRIMEGESTONA SECUENCIAL 1MG/.250MG C/28 GRAGEAS,843,,,,,
,5,0,0,0,PINDOLOL 5MG C/20 COMP.,873,,,,,
,5,0,0,0,CAPECITABINA 500MG C/120 GRAGEAS,898,,,,,
,5,0,0,0,RITUXIMAB 500MG/50ML C/1,1193,,,,,
,5,0,0,0,MESILATO DE IMATINIB 100MG C/60 CAP.,1246,,,,,
,5,0,0,0,FLUDROCORTISONA 0.1MG C/100 TAB.,1316,,,,,
,5,0,0,0,CEFALEXINA 125MG/5ML SUSP.,1482,,,,,
,5,0,0,0,DICLOFENACO SODICO 1MG SOL. OFT. FCO. C/5ML,1508,,,,,
,5,0,0,0,LEVAMISOL 50MG C/2 TAB.,1536,,,,,
,5,0,0,0,METRONIDAZOL 2.5GR SUSP. C/120ML,2628,,,,,
,5,0,0,0,OCTREOTIDA LAR 20MG I.M. AMP.,2751,,,,,
,5,0,0,0,DEXAMETASONA 0.5MG C/30 TAB.,2777,,,,,
,5,0,0,0,DIENOGEST 2MG C/28 TAB.,2961,,,,,
,5,0,0,0,CICLOSPORINA 0.1% GOTAS OFT. C/5ML,3011,,,,,
,5,0,0,0,TICAGRELOR 90MG C/30 TAB.,3016,,,,,
,5,0,0,0,APIXABAN 5MG C/60 TAB.,3020,,,,,
,4,0,0,0,BROMURO DE IPRATROPIO 250MCG/ML SOL. NEBUL. FCO. C/20ML,41,,,,,
,4,0,0,0,GLATIRAMER 20MG/ML SOL. INY. C/28 JER. PRELLENADA,224,,,,,
,4,0,0,0,SULFONATO SODICO DE CARBAZOCROMO + VITAMINA K JARABE FCO C/200ML,413,,,,,
,4,0,0,0,CLORURO DE SODIO 5% UNGUENTO OFT. TUBO 5GR,417,,,,,
,4,0,0,0,HALOPERIDOL 5MG C/20 TAB.,584,,,,,
,4,0,0,0,RIFAMPICINA + ISONIASIDA 200MG/150MG C/24 CAP.,732,,,,,
,4,0,0,0,ACIDO ZOLEDRONICO 4MG AMP. FCO. 5ML,907,,,,,
,4,0,0,0,CLORHIDRATO DE METILFENIDATO 30MG C/30 CAP. (II),998,,,,,
,4,0,0,0,OMALIZUMAB 150MG SOL. INY. C/1 AMP.,1366,,,,,
,4,0,0,0,ESTOLATO DE ERITROMICINA 125MG SUSP. PED. C/100ML,1906,,,,,
,4,0,0,0,ISONIAZIDA 100MG C/200 TAB.,2009,,,,,
,4,0,0,0,HIDRALAZINA 10MG C/20 TAB.,2756,,,,,
,4,0,0,0,VALPROATO DE MAGNESIO 200MG/1ML SUSP. FCO C/40ML,2839,,,,,
,4,0,0,0,TOCILIZUMAB 200MG/10ML SOL. INY. C/1 AMP.,2892,,,,,
,4,0,0,0,NITAZOXANIDA 500MG C/6 COMP.,2972,,,,,
,3,0,0,0,FLAVOXATO 200MG C/20 GRAGEAS,123,,,,,
,3,0,0,0,LAMIVUDINA + ZIDOVUDINA 150/300MG C/60 TAB.,188,,,,,
,3,0,0,0,CEFALOTINA 1GR SOL. INY. FCO. C/5ML AMP. DILUYENTE ,235,,,,,
,3,0,0,0,GLICEROL SUP. PED. C/10,331,,,,,
,3,0,0,0,ENFAMIL PEMIUM 1 FORMULA LACTEA 1 PREMIUM LATA 400GR,347,,,,,
,3,0,0,0,RIFAXIMINA 100/5ML SUSP. FCO. C/60ML,380,,,,,
,3,0,0,0,LEVODOPA + CARBIDOPA 250MG/25MG C/100 TAB.,576,,,,,
,3,0,0,0,VIGABATRINA 500MG C/60 COMP.,757,,,,,
,3,0,0,0,MESALAZINA 250MG C/30 SUP.,760,,,,,
,3,0,0,0,APOSITO HIDROCOLOIDE EXTRA DELGADO 10X10 C/10 PARCHES,1035,,,,,
,3,0,0,0,GATIFLOXACINA FCO. GOTERO C/5ML,1050,,,,,
,3,0,0,0,CALCITRIOL CREMA UNGUENTO TUBO 0.3MG C/30GR,1268,,,,,
,3,0,0,0,TIMOLOL + LATANOPROST GOTAS OFT. C/2.5ML,1374,,,,,
,3,0,0,0,METILFENIDATO 20MG C/30 CAP.,1779,,,,,
,3,0,0,0,ORCIPRENALINA 20MG C/30 TAB.,2007,,,,,
,3,0,0,0,ENFAMIL SOYA FORMULA LACTEA LATA PVO 400GR,2584,,,,,
,3,0,0,0,MECLIZINA + PIRIDOXINA SOL. GOTAS FCO. C/10ML,2634,,,,,
,3,0,0,0,DIMENHIDRINATO 25GR SUP. INF. C/5 SUPOSITORIOS,2651,,,,,
,3,0,0,0,BENZONATATO 50MG C/6 SUP.,2783,,,,,
,3,0,0,0,DESMOPRESINA 10MCG C/25 DOSIS POR FCO SPRAY,2813,,,,,
,3,0,0,0,LENALIDOMIDA 10MG CAP.,2991,,,,,
,3,0,0,0,FORMOTEROL + BECLOMETASONA FCO. SPRAY C/120 DOSIS,3018,,,,,
,2,0,0,0,SULFATO DE ATROPINA 1% SOL. OFT. FCO. C/15ML,40,,,,,
,2,0,0,0, ACIDO SALICILICO + ACIDO LACTICO + SOL. 16.7%/0.167GR FCO. C/15ML ,297,,,,,
,2,0,0,0,MALEATO DE ERGOMETRINA 0.2MG C/20 TAB.,344,,,,,
,2,0,0,0,NITROFURAL TARRO C/453.6GR,367,,,,,
,2,0,0,0,BUFLOMEDIL 150MG C/30 TAB.,508,,,,,
,2,0,0,0,CLOZAPINA 100MG C/30 TAB. (II),606,,,,,
,2,0,0,0,CICLOSPORINE A 50MG MICROEMULSION C/50 CAP.,761,,,,,
,2,0,0,0,LIDOCAINA 10% AER C/115ML SPRAY,1438,,,,,
,2,0,0,0,BROMAZEPAM 6MG C/30 TAB.,1471,,,,,
,2,0,0,0,DEXTRANOMERO FCO. C/25GR,1507,,,,,
,2,0,0,0,CEFTRIAXONA 500MG SOL. INY. ,1864,,,,,
,2,0,0,0,RALTEGRAVIR 400MG FCO. C/60 COMP.,2389,,,,,
,2,0,0,0,DIYODOHIDROXIQUINOLEINA 4.2GR FCO. C/120ML,2636,,,,,
,2,0,0,0,OSELTAMIVIR 75MG C/10 CAP.,2654,,,,,
,2,0,0,0,ACEITE DE RICINO FCO. C/60ML,2684,,,,,
,2,0,0,0,BICALUTAMIDA 150MG C/28 TAB.,2753,,,,,
,2,0,0,0,ACICLOVIR UNGUENTO OFTALMICO 3GR EN 100GR TUBO C/4.5GR,2767,,,,,
,2,0,0,0,ATAZANAVIR 300MG C/30 CAP.,2883,,,,,
,2,0,0,0,POLICRESULENO + CINCOCAINA 5GR/1GR/100GR UNGUENTO TUBO C/50GR,2975,,,,,
,2,0,0,0,RADIOCARE CREMA C/150MG,2977,,,,,
,2,0,0,0,APIXABAN 2.5MG C/60 TAB.,3019,,,,,
,1,0,0,0,ESTRADIOL 2MG + ACETATO D C/28 TAB.,180,,,,,
,1,0,0,0,MIDAZOLAM 7.5 C/30 COMP. (II),312,,,,,
,1,0,0,0,MESILATO DE ZIPRASIDONA 60MG C/28 CAP.,400,,,,,
,1,0,0,0,CLORPROMAZINA 25MG C/50 COMP. (III),522,,,,,
,1,0,0,0,BUMETANIDA 1MG C/20 COMP.,559,,,,,
,1,0,0,0,PARCHE DE MICROPORE OFTALMICO INF. C/20,654,,,,,
,1,0,0,0,KETOPROFENO 100MG C/6 AMPS. DE 2ML ,696,,,,,
,1,0,0,0,RIFAMPICINA + ISONIAZIDA + PIRAZINAMIDA 150MG/75MG/400MG C/24 GRAGEAS,731,,,,,
,1,0,0,0,RIFAMICINA SOL. SPRAY C/20ML,753,,,,,
,1,0,0,0,GOSERELINA IMPLANTE CILINDRICO 3.6MG + JER. MONODOSICA,906,,,,,
,1,0,0,0,DAPSONA 100MG C/50 TAB.,962,,,,,
,1,0,0,0,METOXALENO 10MG C/30 TAB.,963,,,,,
,1,0,0,0,TALIDOMIDA 100MG C/50 TAB.,1076,,,,,
,1,0,0,0,SUNITINIB 50MG C/28 CAP.,1250,,,,,
,1,0,0,0,PIRAZINAMIDA + ETAMBUTOL + RIFAMPICINA + ISONIAZIDA 150MG/75MG/400MG/300MG C/240 TAB.,1270,,,,,
,1,0,0,0,CLORHIDRATO DE VALACICLOVIR 500MG C/42 COMP.,1385,,,,,
,1,0,0,0,DESMOPRESINA 2MG C/30 CAP.,1411,,,,,
,1,0,0,0,TOBRAMICINA SOL. P/NEB C/14 SOBRES Y C/U 4 AMP.,1545,,,,,
,1,0,0,0,ERLOTINIB 150MG C/30 TAB.,1903,,,,,
,1,0,0,0,SERTINDOL 4MG C/10 TAB.,2180,,,,,
,1,0,0,0,CLOMIPRAMINA 25MG C/30 GRAGEAS,2216,,,,,
,1,0,0,0,RITONAVIR 100MG 2 FCO. C/84 CAP. ,2387,,,,,
,1,0,0,0,INMUNOGLOBULINA ANTI-D VACUNA C/1 JER. PRELLENADA,2414,,,,,
,1,0,0,0,VORICONAZOL 200MG C/14 TAB.,2429,,,,,
,1,0,0,0,ETRAVIRINA 100MG FCO. C/120 TAB.,2438,,,,,
,1,0,0,0,GENTAMICINA 160MG/2ML SOL. INY. ENV. C/5 AMP. ,2585,,,,,
,1,0,0,0,CLONIDINA TAB. 0.1MG C/100,2792,,,,,
,1,0,0,0,TOCILIZUMAB 80MG/4ML AMP.,2893,,,,,
,1,0,0,0,MELFALAN 2MG C/25 TAB.,2906,,,,,
,1,0,0,0,DEFERASIROX 500MG C/28 COMP.,2921,,,,,
,1,0,0,0,PALIPERIDONA 75MG C/1 JER. PRELLENADA,2934,,,,,
,1,0,0,0,TIROTROPINA ALFA 0.9MG/ML C/2 AMP. DE 10ML,2935,,,,,
,1,0,0,0,ABIRATERONA 250MG C/120 TAB.,2939,,,,,
,1,0,0,0,MESALAZINA ENEMA 60ML C/3,2971,,,,,
,1,0,0,0,CINACALCET 30MG C/30 COMP.,2983,,,,,
,1,0,0,0,DARBEPOETINA ALFA 300MCG JER. PRELLENADA,2984,,,,,
,1,0,0,0,DARUNAVIR 400MG C/60 TAB.,2986,,,,,
,1,0,0,0,MARAVIROC 300MG C/60 TAB.,2993,,,,,
,1,0,0,0,TENOFOVIR 300MG C/30 TAB.,3006,,,,,
,1,0,0,0,DENOSUMAB 60MG C/10ML,3021,,,,,
